id,nombre,descripcion,go_to,bundle,archivo
30060001,A Bag of Gold Coins,Use to activate Big Spender Title -,10,,assets/images/game-data/goods/30060001.png
45061036,Advanced,,6025,,assets/images/game-data/goods/45061036.png
45061339,Advanced,,6025,,assets/images/game-data/goods/45061339.png
45061340,Advanced,,6025,,assets/images/game-data/goods/45061340.png
45061341,Advanced,,6025,,assets/images/game-data/goods/45061341.png
45061342,Advanced,,6025,,assets/images/game-data/goods/45061342.png
30450006,Advanced Souvenir,Will be deleted after the event series ends. - TA Regular Souvenir. Using it during a feast grants both sides Feast Points,7114,,assets/images/game-data/goods/30450006.png
48180002,Aether Realm,,0,,assets/images/game-data/goods/48180002.png
42014301,Alkaid Archive,Used to activate or improve Archive - Mercury,9001,,assets/images/game-data/goods/42014301.png
46022074,Ancient Qiongqi,,6055,,assets/images/game-data/goods/46022074.png
42010001,Archive Essence,,6027,,assets/images/game-data/goods/42010001.png
46140058,Armored Devourer,,7008,,assets/images/game-data/goods/46140058.png
46070026,Armored Flyblade,,7008,,assets/images/game-data/goods/46070026.png
30400026,Artifact Item,,7102,,assets/images/game-data/goods/30400026.png
30400028,Artifact Item,,7102,,assets/images/game-data/goods/30400028.png
69030002,Aura Crystalline,A required Crystalline for training supreme Techniques; used for Technique Cultivation,7052,,assets/images/game-data/goods/69030002.png
42019116,Autumn Equinox Archive,Used to activate or improve Archive - White Dew,9001,,assets/images/game-data/goods/42019116.png
46052163,Autumn's Reflection - Emerald,,6058,,assets/images/game-data/goods/46052163.png
46054163,Autumn's Reflection - Ethereal,,6058,,assets/images/game-data/goods/46054163.png
46053163,Autumn's Reflection - Green,,6058,,assets/images/game-data/goods/46053163.png
46051163,Autumn's Reflection - Nostalgia,,6058,,assets/images/game-data/goods/46051163.png
46055163,Autumn's Reflection - Rouge,,6058,,assets/images/game-data/goods/46055163.png
46140049,Autumn's Sigh,,7008,,assets/images/game-data/goods/46140049.png
42019103,Awakening of Insects Archive,Used to activate or improve Archive - Rain Water,9001,,assets/images/game-data/goods/42019103.png
46080022,Azure Crest,,7010,,assets/images/game-data/goods/46080022.png
46051077,Azure Fishshade - Emerald,,6058,,assets/images/game-data/goods/46051077.png
46051080,Azure Fishshade - Ethereal,,6058,,assets/images/game-data/goods/46051080.png
46051081,Azure Fishshade - Green,,6058,,assets/images/game-data/goods/46051081.png
46051078,Azure Fishshade - Nostalgia,,6058,,assets/images/game-data/goods/46051078.png
46051079,Azure Fishshade - Rouge,,6058,,assets/images/game-data/goods/46051079.png
42017006,Baxia Archive,Used to activate or improve Archive - Suanni,9001,,assets/images/game-data/goods/42017006.png
48180007,Beastking,,0,,assets/images/game-data/goods/48180007.png
42017008,Bixi Archive,Used to activate or improve Archive - Jiaotu,9001,,assets/images/game-data/goods/42017008.png
46080164,Black Gold Forged Feather,,7010,,assets/images/game-data/goods/46080164.png
23019464,Black Gold Phoenix,,6055,,assets/images/game-data/goods/23019464.png
42015009,Blazing Sky - Gentleman,Used to activate or improve Archive - Speed Force - F,9001,,assets/images/game-data/goods/42015009.png
42015010,Blazing Sky - Lady,Used to activate or improve Archive - Blazing Sky - M,9001,,assets/images/game-data/goods/42015010.png
36010002,Blessed Beastsoul,"Provides energy for mounts, starring up or advancing them",6014,,assets/images/game-data/goods/36010002.png
34020004,Blessed Feathersoul,"Provides energy for wings, starring up or advancing them",7012,,assets/images/game-data/goods/34020004.png
48180001,Blood Prison,,0,,assets/images/game-data/goods/48180001.png
48190001,Bright Annulus,,0,,assets/images/game-data/goods/48190001.png
48180014,Brilliance,,0,,assets/images/game-data/goods/48180014.png
42015051,Bronze Curio - Gentleman,Used to activate or improve Archive - Glamour - M,9001,,assets/images/game-data/goods/42015051.png
42015052,Bronze Curio - Lady,Used to activate or improve Archive - Bronze Curio - M,9001,,assets/images/game-data/goods/42015052.png
23019466,Burning Sun Blazing Tribulation,,6055,,assets/images/game-data/goods/23019466.png
46140057,Butterfly Basket,,7008,,assets/images/game-data/goods/46140057.png
46080033,Butterfly Crest,,7010,,assets/images/game-data/goods/46080033.png
46080152,Butterfly Crest,,7010,,assets/images/game-data/goods/46080152.png
46051152,Butterfly Dance - Emerald,,6058,,assets/images/game-data/goods/46051152.png
46054152,Butterfly Dance - Ethereal,,6058,,assets/images/game-data/goods/46054152.png
46055152,Butterfly Dance - Green,,6058,,assets/images/game-data/goods/46055152.png
46052152,Butterfly Dance - Nostalgia,,6058,,assets/images/game-data/goods/46052152.png
46053152,Butterfly Dance - Rouge,,6058,,assets/images/game-data/goods/46053152.png
93010003,c Blazing Sun Essence ` 5Required materials for fusing Golden Totem parts,,6089,,assets/images/game-data/goods/93010003.png
30110001,c Guild Red Packet,this to send a Common Ingot Red Packet to the Guild Channel,6021,,assets/images/game-data/goods/30110001.png
34040009,c Sacred Seed,,6050,,assets/images/game-data/goods/34040009.png
93010002,c Totem Goldstone,materials for fusing Pink Totem parts,6089,,assets/images/game-data/goods/93010002.png
93010001,c Totem Pink Stone,Artifact Skill Shard,6026,,assets/images/game-data/goods/93010001.png
42017001,Caged Ox Archive,Used to activate or improve Archive - Yaoji - Divine,9001,,assets/images/game-data/goods/42017001.png
23019467,Cangming Xinglan,,6055,,assets/images/game-data/goods/23019467.png
46140047,Celestial Dragon Seal,,7008,,assets/images/game-data/goods/46140047.png
42015013,Celestial Shadow - Gentleman,Used to activate or improve Archive - Floral Grace - F,9001,,assets/images/game-data/goods/42015013.png
42015014,Celestial Shadow - Lady,Used to activate or improve Archive - Celestial Shadow - M,9001,,assets/images/game-data/goods/42015014.png
46080023,Celestial Stars,,7010,,assets/images/game-data/goods/46080023.png
42016008,Chang'e - Celestial Archive,Used to activate or improve Archive - Chang'e - Mystic,9001,,assets/images/game-data/goods/42016008.png
42016010,Chang'e - Divine Archive,Used to activate or improve Archive - Chang'e - Sacred,9001,,assets/images/game-data/goods/42016010.png
42016007,Chang'e - Mystic Archive,Used to activate or improve Archive - Chang'e - Spirit,9001,,assets/images/game-data/goods/42016007.png
42016009,Chang'e - Sacred Archive,Used to activate or improve Archive - Chang'e - Sky,9001,,assets/images/game-data/goods/42016009.png
42016006,Chang'e - Spirit Archive,Used to activate or improve Archive - White Tiger - Divine,9001,,assets/images/game-data/goods/42016006.png
30470102,Changxi,Used to activate or star up Zhurong in Advanced Transform,9132,,assets/images/game-data/goods/30470102.png
42017003,Chaofeng Archive,Used to activate or improve Archive - Yazi,9001,,assets/images/game-data/goods/42017003.png
30200001,Chaos Summon Token,the array with strong resentment from the Chaotic Realm. Collect 10 shards to form a complete Lost Array,6026,,assets/images/game-data/goods/30200001.png
46160005,Chessboard Throne,,4,,assets/images/game-data/goods/46160005.png
59010016,Chest Clue,"reward of romantic Wedding Feast, this ring represents friendship",0,,assets/images/game-data/goods/59010016.png
46140009,Chime of Jewels,,7008,,assets/images/game-data/goods/46140009.png
42017009,Chiwen Archive,Used to activate or improve Archive - Bixi,9001,,assets/images/game-data/goods/42017009.png
46140030,Christmas Memories,,7008,,assets/images/game-data/goods/46140030.png
45022028,COA Wargod Outfit,,6024,,assets/images/game-data/goods/45022028.png
42019117,Cold Dew Archive,Used to activate or improve Archive - Autumn Equinox,9001,,assets/images/game-data/goods/42019117.png
48170010,Cold Wind,,0,,assets/images/game-data/goods/48170010.png
30450004,Common Souvenir,Will be deleted after the event series ends. - UA manual said to produce delicious meals. Can be used to host a Paramount Feast,7114,,assets/images/game-data/goods/30450004.png
42015033,Cool Summer - Gentleman,Used to activate or improve Archive - Golden Robe - F,9001,,assets/images/game-data/goods/42015033.png
42015034,Cool Summer - Lady,Used to activate or improve Archive - Cool Summer - M,9001,,assets/images/game-data/goods/42015034.png
30060004,Crab Meat Biscuit d 8ç¥žè„ŠçŸ³ï¼Œå¯æå‡è‹±çµè£…å¤‡è‡³é‡‘è‰²å“è´¨ã€‚,,8001,,assets/images/game-data/goods/30060004.png
42015017,Dainty Lantern - Gentleman,Used to activate or improve Archive - Vastness Ballad - F,9001,,assets/images/game-data/goods/42015017.png
42015018,Dainty Lantern - Lady,Used to activate or improve Archive - Dainty Lantern - M,9001,,assets/images/game-data/goods/42015018.png
42016013,Daji - Celestial Archive,Used to activate or improve Archive - Daji - Mystic,9001,,assets/images/game-data/goods/42016013.png
42016015,Daji - Divine Archive,Used to activate or improve Archive - Daji - Sacred,9001,,assets/images/game-data/goods/42016015.png
42016012,Daji - Mystic Archive,Used to activate or improve Archive - Daji - Spirit,9001,,assets/images/game-data/goods/42016012.png
42016014,Daji - Sacred Archive,Used to activate or improve Archive - Daji - Sky,9001,,assets/images/game-data/goods/42016014.png
42016011,Daji - Spirit Archive,Used to activate or improve Archive - Chang'e - Divine,9001,,assets/images/game-data/goods/42016011.png
46080006,Dancing Chimes,,7010,,assets/images/game-data/goods/46080006.png
46053162,Dapping Lotus - Emerald,,6058,,assets/images/game-data/goods/46053162.png
46055162,Dapping Lotus - Ethereal,,6058,,assets/images/game-data/goods/46055162.png
46052162,Dapping Lotus - Green,,6058,,assets/images/game-data/goods/46052162.png
46054162,Dapping Lotus - Nostalgia,,6058,,assets/images/game-data/goods/46054162.png
46051162,Dapping Lotus - Rouge,,6058,,assets/images/game-data/goods/46051162.png
46033012,Demon's Wings,,4,,assets/images/game-data/goods/46033012.png
48180004,Demonforge,,0,,assets/images/game-data/goods/48180004.png
23019441,Demonic Flame Kylin,,6055,,assets/images/game-data/goods/23019441.png
48190012,Demonic Fury,,0,,assets/images/game-data/goods/48190012.png
46080061,Dew Spirit,,5,,assets/images/game-data/goods/46080061.png
46140020,Dewglow Charm,,7008,,assets/images/game-data/goods/46140020.png
46140034,Dimming Lantern,,7008,,assets/images/game-data/goods/46140034.png
46080026,Distant Landscape,,7010,,assets/images/game-data/goods/46080026.png
42015038,Distant Landscape - Gentleman,Used to activate or improve Archive - Distant Landscape - F,9001,,assets/images/game-data/goods/42015038.png
42015037,Distant Landscape - Lady,Used to activate or improve Archive - Golden Treasures - F,9001,,assets/images/game-data/goods/42015037.png
48190013,Divine Harp,,0,,assets/images/game-data/goods/48190013.png
46160014,Divine Sword Throne,,9134,,assets/images/game-data/goods/46160014.png
46160010,Dragon Chair Throne,,9,,assets/images/game-data/goods/46160010.png
23019390,Dragon Horse Steed,,6055,,assets/images/game-data/goods/23019390.png
42016053,Dragon Maiden - Celestial Archive,Used to activate or improve Archive - Dragon Maiden - Mystic,9001,,assets/images/game-data/goods/42016053.png
42016055,Dragon Maiden - Divine Archive,Used to activate or improve Archive - Dragon Maiden - Sacred,9001,,assets/images/game-data/goods/42016055.png
42016052,Dragon Maiden - Mystic Archive,Used to activate or improve Archive - Dragon Maiden - Spirit,9001,,assets/images/game-data/goods/42016052.png
42016054,Dragon Maiden - Sacred Archive,Used to activate or improve Archive - Dragon Maiden - Sky,9001,,assets/images/game-data/goods/42016054.png
42016051,Dragon Maiden - Spirit Archive,Used to activate or improve Archive - Sleek Rat - Divine,9001,,assets/images/game-data/goods/42016051.png
42019006,Dragon Maiden Anima - T1 Archive,Used to activate or improve Archive - White Tiger Anima - T5,9001,,assets/images/game-data/goods/42019006.png
42019007,Dragon Maiden Anima - T2 Archive,Used to activate or improve Archive - Dragon Maiden Anima - T1,9001,,assets/images/game-data/goods/42019007.png
42019008,Dragon Maiden Anima - T3 Archive,Used to activate or improve Archive - Dragon Maiden Anima - T2,9001,,assets/images/game-data/goods/42019008.png
42019009,Dragon Maiden Anima - T4 Archive,Used to activate or improve Archive - Dragon Maiden Anima - T3,9001,,assets/images/game-data/goods/42019009.png
42019010,Dragon Maiden Anima - T5 Archive,Used to activate or improve Archive - Dragon Maiden Anima - T4,9001,,assets/images/game-data/goods/42019010.png
42015030,Dragon Robe - Gentleman,Used to activate or improve Archive - Dragon Robe - F,9001,,assets/images/game-data/goods/42015030.png
42015029,Dragon Robe - Lady,Used to activate or improve Archive - Spring Hill - F,9001,,assets/images/game-data/goods/42015029.png
46160009,Dragon Soul Throne,,8,,assets/images/game-data/goods/46160009.png
46160012,Dragon Surrey,,9134,,assets/images/game-data/goods/46160012.png
46022029,Dream Star Immortal Gourd,,6055,,assets/images/game-data/goods/46022029.png
42016043,Dreamsnake - Celestial Archive,Used to activate or improve Archive - Dreamsnake - Mystic,9001,,assets/images/game-data/goods/42016043.png
42016045,Dreamsnake - Divine Archive,Used to activate or improve Archive - Dreamsnake - Sacred,9001,,assets/images/game-data/goods/42016045.png
42016042,Dreamsnake - Mystic Archive,Used to activate or improve Archive - Dreamsnake - Spirit,9001,,assets/images/game-data/goods/42016042.png
42016044,Dreamsnake - Sacred Archive,Used to activate or improve Archive - Dreamsnake - Sky,9001,,assets/images/game-data/goods/42016044.png
42016041,Dreamsnake - Spirit Archive,Used to activate or improve Archive - Nezha - Divine,9001,,assets/images/game-data/goods/42016041.png
46080015,Dreamweaver Butterfly,,10,,assets/images/game-data/goods/46080015.png
46080027,Drifting Dreamscape,,7010,,assets/images/game-data/goods/46080027.png
42014305,Dubhe Archive,Used to activate or improve Archive - Ruler of Mount Heng,9001,,assets/images/game-data/goods/42014305.png
23019415,Dune Skiff,,6055,,assets/images/game-data/goods/23019415.png
50040019,Earth - Trinket Gem,"can be used as a substitute for any Red Trinket Shard. They can replace up to 9 shards in the fusion process. Fusing 10 universal shards results in 1 random Red Trinket, but it is non-tradable",6026,,assets/images/game-data/goods/50040019.png
23019470,Ember Wheel Red Fiend,,6055,,assets/images/game-data/goods/23019470.png
46140024,Embroidered Spirit,,7008,,assets/images/game-data/goods/46140024.png
48190007,Emerald Lotus,,0,,assets/images/game-data/goods/48190007.png
42019114,End of Heat Archive,Used to activate or improve Archive - Start of Autumn,9001,,assets/images/game-data/goods/42019114.png
46140018,Everlasting Prosperity,,7008,,assets/images/game-data/goods/46140018.png
48190008,Evil Lotus Flag,,0,,assets/images/game-data/goods/48190008.png
46160007,Falling Gold Throne,,6,,assets/images/game-data/goods/46160007.png
48170002,Feather Amber,,0,,assets/images/game-data/goods/48170002.png
48190002,Feathered Ring,,0,,assets/images/game-data/goods/48190002.png
48180010,Fine Fusion,,0,,assets/images/game-data/goods/48180010.png
41020002,Fishing Item,,6027,,assets/images/game-data/goods/41020002.png
41030001,Fishing Item,,6027,,assets/images/game-data/goods/41030001.png
41030002,Fishing Item,,6027,,assets/images/game-data/goods/41030002.png
41030003,Fishing Item,,6027,,assets/images/game-data/goods/41030003.png
48170001,Flame Spirit,,0,,assets/images/game-data/goods/48170001.png
46080090,Flame Wing Star Sound,,7010,,assets/images/game-data/goods/46080090.png
42015011,Floral Grace - Gentleman,Used to activate or improve Archive - Blazing Sky - F,9001,,assets/images/game-data/goods/42015011.png
42015012,Floral Grace - Lady,Used to activate or improve Archive - Floral Grace - M,9001,,assets/images/game-data/goods/42015012.png
46080078,Flowing Light Bright Moon,,7010,,assets/images/game-data/goods/46080078.png
46080065,Fluttering Butterfly,,1,,assets/images/game-data/goods/46080065.png
46080064,Flying Swan,,7010,,assets/images/game-data/goods/46080064.png
48070001,Footprint Item,,29,,assets/images/game-data/goods/48070001.png
46051082,Footprint Placeholder,,6058,,assets/images/game-data/goods/46051082.png
46051083,Footprint Placeholder,,6058,,assets/images/game-data/goods/46051083.png
46051084,Footprint Placeholder,,6058,,assets/images/game-data/goods/46051084.png
46051085,Footprint Placeholder,,6058,,assets/images/game-data/goods/46051085.png
46051086,Footprint Placeholder,,6058,,assets/images/game-data/goods/46051086.png
46051087,Footprint Placeholder,,6058,,assets/images/game-data/goods/46051087.png
46051088,Footprint Placeholder,,6058,,assets/images/game-data/goods/46051088.png
46051089,Footprint Placeholder,,6058,,assets/images/game-data/goods/46051089.png
46051090,Footprint Placeholder,,6058,,assets/images/game-data/goods/46051090.png
46051091,Footprint Placeholder,,6058,,assets/images/game-data/goods/46051091.png
46051092,Footprint Placeholder,,6058,,assets/images/game-data/goods/46051092.png
46051093,Footprint Placeholder,,6058,,assets/images/game-data/goods/46051093.png
46051094,Footprint Placeholder,,6058,,assets/images/game-data/goods/46051094.png
46051095,Footprint Placeholder,,6058,,assets/images/game-data/goods/46051095.png
46051096,Footprint Placeholder,,6058,,assets/images/game-data/goods/46051096.png
46051097,Footprint Placeholder,,6058,,assets/images/game-data/goods/46051097.png
46051098,Footprint Placeholder,,6058,,assets/images/game-data/goods/46051098.png
46051099,Footprint Placeholder,,6058,,assets/images/game-data/goods/46051099.png
46051100,Footprint Placeholder,,6058,,assets/images/game-data/goods/46051100.png
46051101,Footprint Placeholder,,6058,,assets/images/game-data/goods/46051101.png
46051102,Footprint Placeholder,,6058,,assets/images/game-data/goods/46051102.png
46051103,Footprint Placeholder,,6058,,assets/images/game-data/goods/46051103.png
46051104,Footprint Placeholder,,6058,,assets/images/game-data/goods/46051104.png
46051105,Footprint Placeholder,,6058,,assets/images/game-data/goods/46051105.png
46051106,Footprint Placeholder,,6058,,assets/images/game-data/goods/46051106.png
46051107,Footprint Placeholder,,6058,,assets/images/game-data/goods/46051107.png
46051108,Footprint Placeholder,,6058,,assets/images/game-data/goods/46051108.png
46051109,Footprint Placeholder,,6058,,assets/images/game-data/goods/46051109.png
46051110,Footprint Placeholder,,6058,,assets/images/game-data/goods/46051110.png
46051111,Footprint Placeholder,,6058,,assets/images/game-data/goods/46051111.png
46051112,Footprint Placeholder,,6058,,assets/images/game-data/goods/46051112.png
46051113,Footprint Placeholder,,6058,,assets/images/game-data/goods/46051113.png
46051114,Footprint Placeholder,,6058,,assets/images/game-data/goods/46051114.png
46051115,Footprint Placeholder,,6058,,assets/images/game-data/goods/46051115.png
46051116,Footprint Placeholder,,6058,,assets/images/game-data/goods/46051116.png
46051117,Footprint Placeholder,,6058,,assets/images/game-data/goods/46051117.png
46051118,Footprint Placeholder,,6058,,assets/images/game-data/goods/46051118.png
46051119,Footprint Placeholder,,6058,,assets/images/game-data/goods/46051119.png
46051120,Footprint Placeholder,,6058,,assets/images/game-data/goods/46051120.png
46051121,Footprint Placeholder,,6058,,assets/images/game-data/goods/46051121.png
46051122,Footprint Placeholder,,6058,,assets/images/game-data/goods/46051122.png
46051123,Footprint Placeholder,,6058,,assets/images/game-data/goods/46051123.png
46051124,Footprint Placeholder,,6058,,assets/images/game-data/goods/46051124.png
46051125,Footprint Placeholder,,6058,,assets/images/game-data/goods/46051125.png
46051126,Footprint Placeholder,,6058,,assets/images/game-data/goods/46051126.png
46051127,Footprint Placeholder,,6058,,assets/images/game-data/goods/46051127.png
46051128,Footprint Placeholder,,6058,,assets/images/game-data/goods/46051128.png
46051129,Footprint Placeholder,,6058,,assets/images/game-data/goods/46051129.png
46051130,Footprint Placeholder,,6058,,assets/images/game-data/goods/46051130.png
46051131,Footprint Placeholder,,6058,,assets/images/game-data/goods/46051131.png
46051132,Footprint Placeholder,,6058,,assets/images/game-data/goods/46051132.png
46051133,Footprint Placeholder,,6058,,assets/images/game-data/goods/46051133.png
46051134,Footprint Placeholder,,6058,,assets/images/game-data/goods/46051134.png
46051135,Footprint Placeholder,,6058,,assets/images/game-data/goods/46051135.png
46051136,Footprint Placeholder,,6058,,assets/images/game-data/goods/46051136.png
46051137,Footprint Placeholder,,6058,,assets/images/game-data/goods/46051137.png
46051138,Footprint Placeholder,,6058,,assets/images/game-data/goods/46051138.png
46051139,Footprint Placeholder,,6058,,assets/images/game-data/goods/46051139.png
46051140,Footprint Placeholder,,6058,,assets/images/game-data/goods/46051140.png
46051141,Footprint Placeholder,,6058,,assets/images/game-data/goods/46051141.png
46051142,Footprint Placeholder,,6058,,assets/images/game-data/goods/46051142.png
46051143,Footprint Placeholder,,6058,,assets/images/game-data/goods/46051143.png
46051144,Footprint Placeholder,,6058,,assets/images/game-data/goods/46051144.png
46051145,Footprint Placeholder,,6058,,assets/images/game-data/goods/46051145.png
46051146,Footprint Placeholder,,6058,,assets/images/game-data/goods/46051146.png
46051147,Footprint Placeholder,,6058,,assets/images/game-data/goods/46051147.png
46051148,Footprint Placeholder,,6058,,assets/images/game-data/goods/46051148.png
42015044,Forest Whisper - Gentleman,Used to activate or improve Archive - Forest Whisper - F,9001,,assets/images/game-data/goods/42015044.png
42015043,Forest Whisper - Lady,Used to activate or improve Archive - Skyveil Melody - M,9001,,assets/images/game-data/goods/42015043.png
45071017,Formless Spring - Nostalgia,,9134,,assets/images/game-data/goods/45071017.png
45072018,Formless Summer - Emerald,,9134,,assets/images/game-data/goods/45072018.png
46160006,Fortune Cat Throne,,5,,assets/images/game-data/goods/46160006.png
48170005,Frenzy Blade,,0,,assets/images/game-data/goods/48170005.png
42019118,Frost's Descent Archive,Used to activate or improve Archive - Cold Dew,9001,,assets/images/game-data/goods/42019118.png
48190006,Frost-proof Annulus,,0,,assets/images/game-data/goods/48190006.png
46052164,Frosted Air - Emerald,,6058,,assets/images/game-data/goods/46052164.png
46055164,Frosted Air - Ethereal,,6058,,assets/images/game-data/goods/46055164.png
46051164,Frosted Air - Green,,6058,,assets/images/game-data/goods/46051164.png
46053164,Frosted Air - Nostalgia,,6058,,assets/images/game-data/goods/46053164.png
46054164,Frosted Air - Rouge,,6058,,assets/images/game-data/goods/46054164.png
42015055,Frosted Lotus - Gentleman,Used to activate or improve Archive - Sea Wonders - M,9001,,assets/images/game-data/goods/42015055.png
42015056,Frosted Lotus - Lady,Used to activate or improve Archive - Frosted Lotus - M,9001,,assets/images/game-data/goods/42015056.png
23019459,Frostfire Dragon,,6055,,assets/images/game-data/goods/23019459.png
48180005,Frozen,,0,,assets/images/game-data/goods/48180005.png
42015002,Frozen Miracle - Gentleman,Used to activate or improve Archive - Frozen Miracle - F,9001,,assets/images/game-data/goods/42015002.png
42015001,Frozen Miracle - Lady,Used to activate or improve Archive - King of Mount Hua,9001,,assets/images/game-data/goods/42015001.png
46052150,Galaxy Star - Emerald,,6058,,assets/images/game-data/goods/46052150.png
46055150,Galaxy Star - Ethereal,,6058,,assets/images/game-data/goods/46055150.png
46051150,Galaxy Star - Green,,6026,,assets/images/game-data/goods/46051150.png
46053150,Galaxy Star - Nostalgia,,6058,,assets/images/game-data/goods/46053150.png
46054150,Galaxy Star - Rouge,,6058,,assets/images/game-data/goods/46054150.png
23019020,Genesis Dragon,,6055,,assets/images/game-data/goods/23019020.png
42015063,Ginkgo Fall - Gentleman,Used to activate or improve Archive - Timeless Era - M,9001,,assets/images/game-data/goods/42015063.png
42015064,Ginkgo Fall - Lady,Used to activate or improve Archive - Ginkgo Fall - M,9001,,assets/images/game-data/goods/42015064.png
42015050,Glamour - Gentleman,Used to activate or improve Archive - Glamour - F,9001,,assets/images/game-data/goods/42015050.png
42015049,Glamour - Lady,Used to activate or improve Archive - Ink Art - M,9001,,assets/images/game-data/goods/42015049.png
46140010,Gliding Fish,,7008,,assets/images/game-data/goods/46140010.png
42016033,Goddess Luo - Celestial Archive,Used to activate or improve Archive - Goddess Luo - Mystic,9001,,assets/images/game-data/goods/42016033.png
42016035,Goddess Luo - Divine Archive,Used to activate or improve Archive - Goddess Luo - Sacred,9001,,assets/images/game-data/goods/42016035.png
42016032,Goddess Luo - Mystic Archive,Used to activate or improve Archive - Goddess Luo - Spirit,9001,,assets/images/game-data/goods/42016032.png
42016034,Goddess Luo - Sacred Archive,Used to activate or improve Archive - Goddess Luo - Sky,9001,,assets/images/game-data/goods/42016034.png
42016031,Goddess Luo - Spirit Archive,Used to activate or improve Archive - Jiang Ziya - Divine,9001,,assets/images/game-data/goods/42016031.png
48190009,Godking's Seal,,0,,assets/images/game-data/goods/48190009.png
50040017,Gold - Trinket Gem,2 ???? ???? 2 ?? Sky - Ruined Lantern ????,6026,,assets/images/game-data/goods/50040017.png
48210011,Gold Carving - Asura,,0,,assets/images/game-data/goods/48210011.png
48160009,Gold Carving - Azure Dragon,,0,,assets/images/game-data/goods/48160009.png
48160011,Gold Carving - Daji,,0,,assets/images/game-data/goods/48160011.png
48200011,Gold Carving - Divine Dragon,,0,,assets/images/game-data/goods/48200011.png
48200010,Gold Carving - Ice Phoenix,,0,,assets/images/game-data/goods/48200010.png
48160012,Gold Carving - Nezha,,0,,assets/images/game-data/goods/48160012.png
48200009,Gold Carving - Phoenix,,0,,assets/images/game-data/goods/48200009.png
48210010,Gold Carving - Shark Kun,,0,,assets/images/game-data/goods/48210010.png
48210009,Gold Carving - Taowu,,0,,assets/images/game-data/goods/48210009.png
48160010,Gold Carving - Wukong,,0,,assets/images/game-data/goods/48160010.png
48210012,Gold Carving - Wuzhiqi,,0,,assets/images/game-data/goods/48210012.png
48200012,Gold Carving - Yinglong,,0,,assets/images/game-data/goods/48200012.png
32010007,Golden Accessory Stone,"A valuable spiritstone used to craft Pink and Golden Rings, Necklaces, Accessories, and Amulets",6012,,assets/images/game-data/goods/32010007.png
46080016,Golden Dew,,7,,assets/images/game-data/goods/46080016.png
48170004,Golden Edge,,0,,assets/images/game-data/goods/48170004.png
48190015,Golden Edge,,0,,assets/images/game-data/goods/48190015.png
32010006,Golden Gear Stone,used to forge pink and gold weapons and armor,6012,,assets/images/game-data/goods/32010006.png
42015031,Golden Robe - Gentleman,Used to activate or improve Archive - Dragon Robe - M,9001,,assets/images/game-data/goods/42015031.png
42015032,Golden Robe - Lady,Used to activate or improve Archive - Golden Robe - M,9001,,assets/images/game-data/goods/42015032.png
42015035,Golden Treasures - Gentleman,Used to activate or improve Archive - Cool Summer - F,9001,,assets/images/game-data/goods/42015035.png
42015036,Golden Treasures - Lady,Used to activate or improve Archive - Golden Treasures - M,9001,,assets/images/game-data/goods/42015036.png
23019461,Gouchen Beast,,6055,,assets/images/game-data/goods/23019461.png
42019108,Grain Full Archive,Used to activate or improve Archive - Start of Summer,9001,,assets/images/game-data/goods/42019108.png
42019109,Grain in Ear Archive,Used to activate or improve Archive - Grain Full,9001,,assets/images/game-data/goods/42019109.png
42019106,Grain Rain Archive,Used to activate or improve Archive - Qingming,9001,,assets/images/game-data/goods/42019106.png
30060029,Guaranteed Amulet,"used with fairy force, used for gear polishing",7056,,assets/images/game-data/goods/30060029.png
44020002,"HA reward of romantic Wedding Feast, this ring represents friendship",,10000,,assets/images/game-data/goods/44020002.png
45074010,Half-rolled Banner - Emerald,,9134,,assets/images/game-data/goods/45074010.png
45075010,Half-rolled Banner - Ethereal,,9134,,assets/images/game-data/goods/45075010.png
45073010,Half-rolled Banner - Nostalgia,,9134,,assets/images/game-data/goods/45073010.png
45071010,Half-rolled Banner - Rouge,,9134,,assets/images/game-data/goods/45071010.png
36010003,Harmonious Beastsoul,"Provides energy for mounts, enhancing their abilities",30,,assets/images/game-data/goods/36010003.png
34020005,Harmonious Feathersoul,"Provides energy for wings, enhancing their abilities",30,,assets/images/game-data/goods/34020005.png
45022009,Heart's Desire Outfit,,6023,,assets/images/game-data/goods/45022009.png
45023009,Heart's Desire Outfit,,6023,,assets/images/game-data/goods/45023009.png
59010002,Heartbound,"reward of romantic Wedding Feast, this ring represents friendship",0,,assets/images/game-data/goods/59010002.png
61020001,Heavenly,"the Duskland Set, used by Spiritfox and Lunarborn",7033,,assets/images/game-data/goods/61020001.png
61020002,Heavenly,,7033,,assets/images/game-data/goods/61020002.png
61020003,Heavenly,,7033,,assets/images/game-data/goods/61020003.png
61020004,Heavenly,,7033,,assets/images/game-data/goods/61020004.png
61020005,Heavenly,,7033,,assets/images/game-data/goods/61020005.png
61020006,Heavenly,,7033,,assets/images/game-data/goods/61020006.png
61020007,Heavenly,,7033,,assets/images/game-data/goods/61020007.png
61020008,Heavenly,,7033,,assets/images/game-data/goods/61020008.png
46070029,Hellfire Ghost,,7008,,assets/images/game-data/goods/46070029.png
42015006,Hero Captain - Gentleman,Used to activate or improve Archive - Hero Captain - F,9001,,assets/images/game-data/goods/42015006.png
42015005,Hero Captain - Lady,Used to activate or improve Archive - Top Idol - F,9001,,assets/images/game-data/goods/42015005.png
30230015,Hoard Voucher,The draw material for the Phoenix Feather Treasure event. Automatically used when the event ends,7085,,assets/images/game-data/goods/30230015.png
23019392,Holy Spirit Pegasus,,6055,,assets/images/game-data/goods/23019392.png
23019465,Holybeast - Chaofeng,,6055,,assets/images/game-data/goods/23019465.png
23019460,Holybeast - Taotie,,6055,,assets/images/game-data/goods/23019460.png
46080019,Holylight Wings,,7010,,assets/images/game-data/goods/46080019.png
30470002,Hou Yi,/ %Temporary item icon placeholder,9132,,assets/images/game-data/goods/30470002.png
46140039,Huaxia Bamboo Light,,7008,,assets/images/game-data/goods/46140039.png
42016063,Huodou - Celestial Archive,Used to activate or improve Archive - Huodou - Mystic,9001,,assets/images/game-data/goods/42016063.png
42016065,Huodou - Divine Archive,Used to activate or improve Archive - Huodou - Sacred,9001,,assets/images/game-data/goods/42016065.png
42016062,Huodou - Mystic Archive,Used to activate or improve Archive - Huodou - Spirit,9001,,assets/images/game-data/goods/42016062.png
42016064,Huodou - Sacred Archive,Used to activate or improve Archive - Huodou - Sky,9001,,assets/images/game-data/goods/42016064.png
42016061,Huodou - Spirit Archive,Used to activate or improve Archive - Jade Rabbit - Divine,9001,,assets/images/game-data/goods/42016061.png
42019011,Huodou Anima - T4 Archive,Used to activate or improve Archive - Dragon Maiden Anima - T5,9001,,assets/images/game-data/goods/42019011.png
42019012,Huodou Anima - T5 Archive,Used to activate or improve Archive - Huodou Anima - T4,9001,,assets/images/game-data/goods/42019012.png
42014202,Huodou Demon Archive,Used to activate or improve Archive - Martial Deity,9001,,assets/images/game-data/goods/42014202.png
46140044,Hyper Broadcast,,7008,,assets/images/game-data/goods/46140044.png
48180015,Ice Demon,,0,,assets/images/game-data/goods/48180015.png
46160003,Icebound Throne,,2,,assets/images/game-data/goods/46160003.png
46070025,Immovable King,,7008,,assets/images/game-data/goods/46070025.png
46070027,Infernal Flame,,7008,,assets/images/game-data/goods/46070027.png
48170008,Inferno,,0,,assets/images/game-data/goods/48170008.png
42015048,Ink Art - Gentleman,Used to activate or improve Archive - Ink Art - F,9001,,assets/images/game-data/goods/42015048.png
42015047,Ink Art - Lady,Used to activate or improve Archive - Primitive Armor - F,9001,,assets/images/game-data/goods/42015047.png
48170009,Ink&White,,0,,assets/images/game-data/goods/48170009.png
46140045,Ivy Startrail,,7008,,assets/images/game-data/goods/46140045.png
48210015,Jade Carving - Asura,,0,,assets/images/game-data/goods/48210015.png
48160013,Jade Carving - Azure Dragon,,0,,assets/images/game-data/goods/48160013.png
48160015,Jade Carving - Daji,,0,,assets/images/game-data/goods/48160015.png
48200015,Jade Carving - Divine Dragon,,0,,assets/images/game-data/goods/48200015.png
48200014,Jade Carving - Ice Phoenix,,0,,assets/images/game-data/goods/48200014.png
48160016,Jade Carving - Nezha,,0,,assets/images/game-data/goods/48160016.png
48200013,Jade Carving - Phoenix,,0,,assets/images/game-data/goods/48200013.png
48210014,Jade Carving - Shark Kun,,0,,assets/images/game-data/goods/48210014.png
48210013,Jade Carving - Taowu,,0,,assets/images/game-data/goods/48210013.png
48160014,Jade Carving - Wukong,,0,,assets/images/game-data/goods/48160014.png
48210016,Jade Carving - Wuzhiqi,,0,,assets/images/game-data/goods/48210016.png
48200016,Jade Carving - Yinglong,,0,,assets/images/game-data/goods/48200016.png
46140056,Jade Flower Fate,,7008,,assets/images/game-data/goods/46140056.png
46080009,Jade Plumage,,3,,assets/images/game-data/goods/46080009.png
42016058,Jade Rabbit - Celestial Archive,Used to activate or improve Archive - Jade Rabbit - Mystic,9001,,assets/images/game-data/goods/42016058.png
42016060,Jade Rabbit - Divine Archive,Used to activate or improve Archive - Jade Rabbit - Sacred,9001,,assets/images/game-data/goods/42016060.png
42016057,Jade Rabbit - Mystic Archive,Used to activate or improve Archive - Jade Rabbit - Spirit,9001,,assets/images/game-data/goods/42016057.png
42016059,Jade Rabbit - Sacred Archive,Used to activate or improve Archive - Jade Rabbit - Sky,9001,,assets/images/game-data/goods/42016059.png
42016056,Jade Rabbit - Spirit Archive,Used to activate or improve Archive - Dragon Maiden - Divine,9001,,assets/images/game-data/goods/42016056.png
46080029,Jade Radiance Disc,,7010,,assets/images/game-data/goods/46080029.png
42018002,Jade-Like Grace Archive,Used to activate or improve Archive - National Beauty,9001,,assets/images/game-data/goods/42018002.png
46080082,Jadetree Bone,,7010,,assets/images/game-data/goods/46080082.png
42016028,Jiang Ziya - Celestial Archive,Used to activate or improve Archive - Jiang Ziya - Mystic,9001,,assets/images/game-data/goods/42016028.png
42016030,Jiang Ziya - Divine Archive,Used to activate or improve Archive - Jiang Ziya - Sacred,9001,,assets/images/game-data/goods/42016030.png
42016027,Jiang Ziya - Mystic Archive,Used to activate or improve Archive - Jiang Ziya - Spirit,9001,,assets/images/game-data/goods/42016027.png
42016029,Jiang Ziya - Sacred Archive,Used to activate or improve Archive - Jiang Ziya - Sky,9001,,assets/images/game-data/goods/42016029.png
42016026,Jiang Ziya - Spirit Archive,Used to activate or improve Archive - Martial Sage - Divine,9001,,assets/images/game-data/goods/42016026.png
42017007,Jiaotu Archive,Used to activate or improve Archive - Baxia,9001,,assets/images/game-data/goods/42017007.png
46055153,Jingle Giftbox - Emerald,,6058,,assets/images/game-data/goods/46055153.png
46052153,Jingle Giftbox - Ethereal,,6058,,assets/images/game-data/goods/46052153.png
46051153,Jingle Giftbox - Green,,6058,,assets/images/game-data/goods/46051153.png
46054153,Jingle Giftbox - Nostalgia,,6058,,assets/images/game-data/goods/46054153.png
46053153,Jingle Giftbox - Rouge,,6058,,assets/images/game-data/goods/46053153.png
30470202,Jingwei,Used to activate and star up the Advanced Transform - Kuafu,9132,,assets/images/game-data/goods/30470202.png
42014306,King of Mount Hua Archive,Used to activate or improve Archive - Dubhe,9001,,assets/images/game-data/goods/42014306.png
46140072,Kongtong Seal,,7008,,assets/images/game-data/goods/46140072.png
46140071,Kunlun Mirror,,7008,,assets/images/game-data/goods/46140071.png
46140048,Lafite,,7008,,assets/images/game-data/goods/46140048.png
45070008,Life Force,,6057,,assets/images/game-data/goods/45070008.png
59010003,Lifelong,"reward of romantic Wedding Feast, this ring represents friendship",0,,assets/images/game-data/goods/59010003.png
46140043,Light Warhammer,,7008,,assets/images/game-data/goods/46140043.png
46051154,Local Landscape - Emerald,,6058,,assets/images/game-data/goods/46051154.png
46054154,Local Landscape - Ethereal,,6058,,assets/images/game-data/goods/46054154.png
46052154,Local Landscape - Green,,6058,,assets/images/game-data/goods/46052154.png
46055154,Local Landscape - Nostalgia,,6058,,assets/images/game-data/goods/46055154.png
46053154,Local Landscape - Rouge,,6058,,assets/images/game-data/goods/46053154.png
46140032,Lost Castle,,7008,,assets/images/game-data/goods/46140032.png
46140031,Lover's Hymn,,7008,,assets/images/game-data/goods/46140031.png
30450002,Luxury Manual,Will be deleted after the event series ends. - RA manual said to produce delicious meals. Can be used to host a Hearty Feast,7114,,assets/images/game-data/goods/30450002.png
42019124,Major Cold Archive,Used to activate or improve Archive - Minor Cold,9001,,assets/images/game-data/goods/42019124.png
42019112,Major Heat Archive,Used to activate or improve Archive - Minor Heat,9001,,assets/images/game-data/goods/42019112.png
42019121,Major Snow Archive,Used to activate or improve Archive - Minor Snow,9001,,assets/images/game-data/goods/42019121.png
42014201,Martial Deity Archive,Used to activate or improve Archive - Omenflare,9001,,assets/images/game-data/goods/42014201.png
42016018,Martial Lord - Celestial Archive,Used to activate or improve Archive - Martial Lord - Mystic,9001,,assets/images/game-data/goods/42016018.png
42016020,Martial Lord - Divine Archive,Used to activate or improve Archive - Martial Lord - Sacred,9001,,assets/images/game-data/goods/42016020.png
42016017,Martial Lord - Mystic Archive,Used to activate or improve Archive - Martial Lord - Spirit,9001,,assets/images/game-data/goods/42016017.png
42016019,Martial Lord - Sacred Archive,Used to activate or improve Archive - Martial Lord - Sky,9001,,assets/images/game-data/goods/42016019.png
42016016,Martial Lord - Spirit Archive,Used to activate or improve Archive - Daji - Divine,9001,,assets/images/game-data/goods/42016016.png
42016023,Martial Sage - Celestial Archive,Used to activate or improve Archive - Martial Sage - Mystic,9001,,assets/images/game-data/goods/42016023.png
42016025,Martial Sage - Divine Archive,Used to activate or improve Archive - Martial Sage - Sacred,9001,,assets/images/game-data/goods/42016025.png
42016022,Martial Sage - Mystic Archive,Used to activate or improve Archive - Martial Sage - Spirit,9001,,assets/images/game-data/goods/42016022.png
42016024,Martial Sage - Sacred Archive,Used to activate or improve Archive - Martial Sage - Sky,9001,,assets/images/game-data/goods/42016024.png
42016021,Martial Sage - Spirit Archive,Used to activate or improve Archive - Martial Lord - Divine,9001,,assets/images/game-data/goods/42016021.png
42014303,Megrez Archive,Used to activate or improve Archive - Mizar,9001,,assets/images/game-data/goods/42014303.png
46052151,Melodic Harmony - Emerald,,6058,,assets/images/game-data/goods/46052151.png
46055151,Melodic Harmony - Ethereal,,6058,,assets/images/game-data/goods/46055151.png
46051151,Melodic Harmony - Green,,6058,,assets/images/game-data/goods/46051151.png
46053151,Melodic Harmony - Nostalgia,,6058,,assets/images/game-data/goods/46053151.png
46054151,Melodic Harmony - Rouge,,6058,,assets/images/game-data/goods/46054151.png
48170007,Melting,,0,,assets/images/game-data/goods/48170007.png
42014206,Mercury Archive,Used to activate or improve Archive - Vega,9001,,assets/images/game-data/goods/42014206.png
46052160,Meteoric Rise - Emerald,,6058,,assets/images/game-data/goods/46052160.png
46054160,Meteoric Rise - Ethereal,,6058,,assets/images/game-data/goods/46054160.png
46053160,Meteoric Rise - Green,,6058,,assets/images/game-data/goods/46053160.png
46051149,Meteoric Rise - Nostalgia,,6058,,assets/images/game-data/goods/46051149.png
46051160,Meteoric Rise - Nostalgia,,6058,,assets/images/game-data/goods/46051160.png
46055160,Meteoric Rise - Rouge,,6058,,assets/images/game-data/goods/46055160.png
48180009,Miasma,,0,,assets/images/game-data/goods/48180009.png
23019439,Midnight Ink Dragon,,6055,,assets/images/game-data/goods/23019439.png
42015057,Midnight Rally - Gentleman,Used to activate or improve Archive - Frosted Lotus - F,9001,,assets/images/game-data/goods/42015057.png
42015058,Midnight Rally - Lady,Used to activate or improve Archive - Midnight Rally - M,9001,,assets/images/game-data/goods/42015058.png
42015039,Mighty General - Gentleman,Used to activate or improve Archive - Distant Landscape - M,9001,,assets/images/game-data/goods/42015039.png
42015040,Mighty General - Lady,Used to activate or improve Archive - Mighty General - M,9001,,assets/images/game-data/goods/42015040.png
42019123,Minor Cold Archive,Used to activate or improve Archive - Winter Solstice,9001,,assets/images/game-data/goods/42019123.png
42019111,Minor Heat Archive,Used to activate or improve Archive - Summer Solstice,9001,,assets/images/game-data/goods/42019111.png
42019120,Minor Snow Archive,Used to activate or improve Archive - Start of Winter,9001,,assets/images/game-data/goods/42019120.png
48180011,Mirage Realm,,0,,assets/images/game-data/goods/48180011.png
23019463,Mirage Realm Kun,,6055,,assets/images/game-data/goods/23019463.png
42014302,Mizar Archive,Used to activate or improve Archive - Alkaid,9001,,assets/images/game-data/goods/42014302.png
23019310,Mohist's Beast,,6055,,assets/images/game-data/goods/23019310.png
46160002,Monarch Schemes,,1,,assets/images/game-data/goods/46160002.png
32030008,Mount Flux d $ AA necessary material for the fusion of Golden Holyware Gear,,6050,,assets/images/game-data/goods/32030008.png
32030005,Mount Item,"Provides energy for mounts, greatly enhancing their abilities",288,,assets/images/game-data/goods/32030005.png
74020001,Mysterious Card,Mysterious Card J Mysterious Card J,1000,,assets/images/game-data/goods/74020001.png
74030001,Mysterious Card,Mysterious Card J Mysterious Card J,1000,,assets/images/game-data/goods/74030001.png
94020001,Mysterious Card,,1000,,assets/images/game-data/goods/94020001.png
30060061,Mysterious Item,"Can be used for Fairy Vault draws. The prize includes rare items, special Morphs, and more",9101,,assets/images/game-data/goods/30060061.png
30060062,Mysterious Item,,0,,assets/images/game-data/goods/30060062.png
30060063,Mysterious Item,,0,,assets/images/game-data/goods/30060063.png
30060064,Mysterious Item,,0,,assets/images/game-data/goods/30060064.png
30060065,Mysterious Item,,0,,assets/images/game-data/goods/30060065.png
30060066,Mysterious Item,,0,,assets/images/game-data/goods/30060066.png
30060067,Mysterious Item,,0,,assets/images/game-data/goods/30060067.png
32010003,Mysterious Item,,0,,assets/images/game-data/goods/32010003.png
50040018,Mystic - Trinket Gem,"can be used as a substitute for any Orange Trinket Shard. They can replace up to 9 shards in the fusion process. Fusing 10 universal shards results in 1 random Orange Trinket, but it is non-tradable",6026,,assets/images/game-data/goods/50040018.png
48170003,Mystic Blue,,0,,assets/images/game-data/goods/48170003.png
53020001,N Fire Soulcore,5 ???? ???? 2 ?? Sky - Trinket Gem ????,6026,,assets/images/game-data/goods/53020001.png
32160005,N Fullmoon Stone,Used to unlock the Star Level of Timeforge Trial,6088,,assets/images/game-data/goods/32160005.png
32161004,N Fullstar Stone,Used for Lv.41-50 Timeforge Trial level-up,6088,,assets/images/game-data/goods/32161004.png
30230004,N Honor Crystal,Can be used for treasure hunts in Noah Vault,9106,,assets/images/game-data/goods/30230004.png
30160002,N Jackdaw Badge,Can be used to refresh eggs in the Lucky Smash Egg event,7006,,assets/images/game-data/goods/30160002.png
32030007,N Lv.3 Time Stone,Used for Lv.11-20 Timeforge Trial level-up,6088,,assets/images/game-data/goods/32030007.png
32010002,N Polish Gemstone,"used with fairy force, used for gear enhancement",6010,,assets/images/game-data/goods/32010002.png
42018001,National Beauty Archive,Used to activate or improve Archive - Chiwen,9001,,assets/images/game-data/goods/42018001.png
42016038,Nezha - Celestial Archive,Used to activate or improve Archive - Nezha - Mystic,9001,,assets/images/game-data/goods/42016038.png
42016040,Nezha - Divine Archive,Used to activate or improve Archive - Nezha - Sacred,9001,,assets/images/game-data/goods/42016040.png
42016037,Nezha - Mystic Archive,Used to activate or improve Archive - Nezha - Spirit,9001,,assets/images/game-data/goods/42016037.png
42016039,Nezha - Sacred Archive,Used to activate or improve Archive - Nezha - Sky,9001,,assets/images/game-data/goods/42016039.png
42016036,Nezha - Spirit Archive,Used to activate or improve Archive - Goddess Luo - Divine,9001,,assets/images/game-data/goods/42016036.png
46080074,Night Rakshasa,,7010,,assets/images/game-data/goods/46080074.png
76010001,Orange Spirit Root Shard,can be fused into 1 Rift Core,6081,,assets/images/game-data/goods/76010001.png
42015020,Ornate Attire - Gentleman,Used to activate or improve Archive - Ornate Attire - F,9001,,assets/images/game-data/goods/42015020.png
42015019,Ornate Attire - Lady,Used to activate or improve Archive - Dainty Lantern - F,9001,,assets/images/game-data/goods/42015019.png
37060036,Outfit Giftbox Shard,"Provides energy for trails, greatly enhancing their abilities",120,,assets/images/game-data/goods/37060036.png
30450003,Paramount Manual,Will be deleted after the event series ends. - UA manual said to produce delicious meals. Can be used to host a Luxurious Feast,7114,,assets/images/game-data/goods/30450003.png
48190003,Passion Zither,,0,,assets/images/game-data/goods/48190003.png
46140042,Path to Knowledge,,7008,,assets/images/game-data/goods/46140042.png
46080129,Peacock Feather,,7010,,assets/images/game-data/goods/46080129.png
46080030,Pearl-Bearing Dragon Dance,,7010,,assets/images/game-data/goods/46080030.png
46110001,"Permanent Hierarch Nimbus Activation, Frostfire Holy Dragon",,6056,,assets/images/game-data/goods/46110001.png
48120001,Permanent Pet Spirit Activation,,7009,,assets/images/game-data/goods/48120001.png
36110001,Pet Essence,,6014,,assets/images/game-data/goods/36110001.png
23019462,Phoenix,,6055,,assets/images/game-data/goods/23019462.png
43031,Phoenix,,1,,assets/images/game-data/goods/43031.png
46080125,Phoenix Cry,,7010,,assets/images/game-data/goods/46080125.png
48190014,Phoenix Pin,,0,,assets/images/game-data/goods/48190014.png
32010005,Pink Accessory Spiritstone,used to forge gold weapons and armor,6012,,assets/images/game-data/goods/32010005.png
32010004,Pink Gear Spiritstone,the smelting furnace to generate high heat and increase EXP for the furnace,10000,,assets/images/game-data/goods/32010004.png
46160011,Pinnacle of Power,,10,,assets/images/game-data/goods/46160011.png
46120001,Placeholder,,6056,,assets/images/game-data/goods/46120001.png
46080028,Playful Fortune Koi,,7010,,assets/images/game-data/goods/46080028.png
42014203,Polaris Archive,Used to activate or improve Archive - Huodou Demon,9001,,assets/images/game-data/goods/42014203.png
48180016,Primacy,,0,,assets/images/game-data/goods/48180016.png
42015045,Primitive Armor - Gentleman,Used to activate or improve Archive - Forest Whisper - M,9001,,assets/images/game-data/goods/42015045.png
42015046,Primitive Armor - Lady,Used to activate or improve Archive - Primitive Armor - M,9001,,assets/images/game-data/goods/42015046.png
36010004,Primitive Beastsoul,"Provides energy for mounts, enhancing their abilities",30,,assets/images/game-data/goods/36010004.png
34020006,Primitive Feathersoul,"Provides energy for wings, enhancing their abilities",30,,assets/images/game-data/goods/34020006.png
42017004,Pulao Archive,Used to activate or improve Archive - Chaofeng,9001,,assets/images/game-data/goods/42017004.png
48180006,Punishment,,0,,assets/images/game-data/goods/48180006.png
42019105,Qingming Archive,Used to activate or improve Archive - Spring Equinox,9001,,assets/images/game-data/goods/42019105.png
46080134,Qingqiu Pearl,,7010,,assets/images/game-data/goods/46080134.png
46055057,Rabbit Jump - Emerald,,6058,,assets/images/game-data/goods/46055057.png
46053057,Rabbit Jump - Ethereal,,6058,,assets/images/game-data/goods/46053057.png
46054057,Rabbit Jump - Green,,6058,,assets/images/game-data/goods/46054057.png
46051057,Rabbit Jump - Nostalgia,,6058,,assets/images/game-data/goods/46051057.png
46052057,Rabbit Jump - Rouge,,6058,,assets/images/game-data/goods/46052057.png
46080084,Radiant Celestial Wings,,7010,,assets/images/game-data/goods/46080084.png
46080014,Radiant Dusk,,7010,,assets/images/game-data/goods/46080014.png
42015024,Radiant Moon - Gentleman,Used to activate or improve Archive - Radiant Moon - F,9001,,assets/images/game-data/goods/42015024.png
42015023,Radiant Moon - Lady,Used to activate or improve Archive - Red Moon - M,9001,,assets/images/game-data/goods/42015023.png
46022026,Raging Fire Shadow,,6055,,assets/images/game-data/goods/46022026.png
42019102,Rain Water Archive,Used to activate or improve Archive - Start of Spring,9001,,assets/images/game-data/goods/42019102.png
23019473,Rainbow Horse,,6055,,assets/images/game-data/goods/23019473.png
42015022,Red Moon - Gentleman,Used to activate or improve Archive - Red Moon - F,9001,,assets/images/game-data/goods/42015022.png
42015021,Red Moon - Lady,Used to activate or improve Archive - Ornate Attire - M,9001,,assets/images/game-data/goods/42015021.png
45073006,Reed in Wind - Ethereal,,9134,,assets/images/game-data/goods/45073006.png
45072006,Reed in Wind - Green,,9134,,assets/images/game-data/goods/45072006.png
30450005,Regular Souvenir,Will be deleted after the event series ends. - QA Basic Souvenir. Using it during a feast grants both sides 50 Feast Points,7114,,assets/images/game-data/goods/30450005.png
42014204,Regulus Archive,Used to activate or improve Archive - Polaris,9001,,assets/images/game-data/goods/42014204.png
34040010,Resonance Holysoul,the most powerful force on this continent; can be used to inspire resonance with a Trinket,7032,,assets/images/game-data/goods/34040010.png
18030010,Resonance Lostsoul,the most powerful force on this continent; can be used to raise the level of a Trinket,7032,,assets/images/game-data/goods/18030010.png
59020001,Ring Symbolizing Love,,0,,assets/images/game-data/goods/59020001.png
23019000,Rising Dragon,,6055,,assets/images/game-data/goods/23019000.png
46160008,Romantic Throne,,7,,assets/images/game-data/goods/46160008.png
48170015,Royal Jade,,0,,assets/images/game-data/goods/48170015.png
42014304,Ruler of Mount Heng Archive,Used to activate or improve Archive - Megrez,9001,,assets/images/game-data/goods/42014304.png
46160013,Sands of Time,,9134,,assets/images/game-data/goods/46160013.png
32030009,Savage Charge,"Provides energy for pets, greatly enhancing their abilities",120,,assets/images/game-data/goods/32030009.png
46140033,Scout Envoy,,7008,,assets/images/game-data/goods/46140033.png
30230022,Scratch Ticket )A material for Hoard Pavilion draws,,7089,,assets/images/game-data/goods/30230022.png
42015054,Sea Wonders - Gentleman,Used to activate or improve Archive - Sea Wonders - F,9001,,assets/images/game-data/goods/42015054.png
42015053,Sea Wonders - Lady,Used to activate or improve Archive - Bronze Curio - F,9001,,assets/images/game-data/goods/42015053.png
46080020,Shadow Plume,,7010,,assets/images/game-data/goods/46080020.png
46080126,Shadowrend Blade,,7010,,assets/images/game-data/goods/46080126.png
59010004,Shattered Diamond,"reward of Hierarch Wedding Feast, this luxurious ring represents deep love",1600,,assets/images/game-data/goods/59010004.png
46140081,Shennong Cauldron,,7008,,assets/images/game-data/goods/46140081.png
46080159,Shitian Sacred Arm,,7010,,assets/images/game-data/goods/46080159.png
48210007,Silver Carving - Asura,,0,,assets/images/game-data/goods/48210007.png
48160005,Silver Carving - Azure Dragon,,0,,assets/images/game-data/goods/48160005.png
48160007,Silver Carving - Daji,,0,,assets/images/game-data/goods/48160007.png
48200007,Silver Carving - Divine Dragon,,0,,assets/images/game-data/goods/48200007.png
48200006,Silver Carving - Ice Phoenix,,0,,assets/images/game-data/goods/48200006.png
48160008,Silver Carving - Nezha,,0,,assets/images/game-data/goods/48160008.png
48200005,Silver Carving - Phoenix,,0,,assets/images/game-data/goods/48200005.png
48210006,Silver Carving - Shark Kun,,0,,assets/images/game-data/goods/48210006.png
48210005,Silver Carving - Taowu,,0,,assets/images/game-data/goods/48210005.png
48160006,Silver Carving - Wukong,,0,,assets/images/game-data/goods/48160006.png
48210008,Silver Carving - Wuzhiqi,,0,,assets/images/game-data/goods/48210008.png
48200008,Silver Carving - Yinglong,,0,,assets/images/game-data/goods/48200008.png
23019458,Sky Devouring Kun,,6055,,assets/images/game-data/goods/23019458.png
48190004,Sky Fan,,0,,assets/images/game-data/goods/48190004.png
48180008,Sky Flame,,0,,assets/images/game-data/goods/48180008.png
46080025,Sky-Dancing Grace,,7010,,assets/images/game-data/goods/46080025.png
46033013,Skybound Will,,7010,,assets/images/game-data/goods/46033013.png
61030002,Skyfrost Crystalline,A precious stone required to activate the Accessory Set in the Ring slot,7033,,assets/images/game-data/goods/61030002.png
46140014,Skyharp Echo,,7008,,assets/images/game-data/goods/46140014.png
42015042,Skyveil Melody - Gentleman,Used to activate or improve Archive - Skyveil Melody - F,9001,,assets/images/game-data/goods/42015042.png
42015041,Skyveil Melody - Lady,Used to activate or improve Archive - Mighty General - F,9001,,assets/images/game-data/goods/42015041.png
42019013,Skywolf Anima - T1 Archive,Used to activate or improve Archive - Huodou Anima - T5,9001,,assets/images/game-data/goods/42019013.png
42019014,Skywolf Anima - T2 Archive,Used to activate or improve Archive - Skywolf Anima - T1,9001,,assets/images/game-data/goods/42019014.png
42019015,Skywolf Anima - T3 Archive,Used to activate or improve Archive - Skywolf Anima - T2,9001,,assets/images/game-data/goods/42019015.png
42019016,Skywolf Anima - T4 Archive,Used to activate or improve Archive - Skywolf Anima - T3,9001,,assets/images/game-data/goods/42019016.png
42019017,Skywolf Anima - T5 Archive,Used to activate or improve Archive - Skywolf Anima - T4,9001,,assets/images/game-data/goods/42019017.png
42016048,Sleek Rat - Celestial Archive,Used to activate or improve Archive - Sleek Rat - Mystic,9001,,assets/images/game-data/goods/42016048.png
42016050,Sleek Rat - Divine Archive,Used to activate or improve Archive - Sleek Rat - Sacred,9001,,assets/images/game-data/goods/42016050.png
42016047,Sleek Rat - Mystic Archive,Used to activate or improve Archive - Sleek Rat - Spirit,9001,,assets/images/game-data/goods/42016047.png
42016049,Sleek Rat - Sacred Archive,Used to activate or improve Archive - Sleek Rat - Sky,9001,,assets/images/game-data/goods/42016049.png
42016046,Sleek Rat - Spirit Archive,Used to activate or improve Archive - Dreamsnake - Divine,9001,,assets/images/game-data/goods/42016046.png
46140052,Snow Lotus,,7008,,assets/images/game-data/goods/46140052.png
42015059,Snownight Attire - Gentleman,Used to activate or improve Archive - Midnight Rally - F,9001,,assets/images/game-data/goods/42015059.png
42015060,Snownight Attire - Lady,Used to activate or improve Archive - Snownight Attire - M,9001,,assets/images/game-data/goods/42015060.png
23019433,Soar,,6055,,assets/images/game-data/goods/23019433.png
48180012,Sorrow's End,,0,,assets/images/game-data/goods/48180012.png
61030003,Soul Crystalline,A precious stone required to activate the Accessory Set in the Necklace slot,7033,,assets/images/game-data/goods/61030003.png
42015067,Space Voyage - Gentleman,Used to activate or improve Archive - Tidal Surge - F,9001,,assets/images/game-data/goods/42015067.png
42015068,Space Voyage - Lady,Used to activate or improve Archive - Space Voyage - M,9001,,assets/images/game-data/goods/42015068.png
42015007,Speed Force - Gentleman,Used to activate or improve Archive - Hero Captain - M,9001,,assets/images/game-data/goods/42015007.png
42015008,Speed Force - Lady,Used to activate or improve Archive - Speed Force - M,9001,,assets/images/game-data/goods/42015008.png
49111040,Spirit Burst Red Jade,,6055,,assets/images/game-data/goods/49111040.png
45051034,Spirit Butterfly Avatar Frame,,6025,,assets/images/game-data/goods/45051034.png
45061012,Spirit Butterfly Bubble Frame,,6025,,assets/images/game-data/goods/45061012.png
62010001,Spirit Codex Essence,Used by Spiritfox and Lunarborn. 10 pieces can be fused into 1 Duskland Set DEF Stone,6026,,assets/images/game-data/goods/62010001.png
46080038,Spirit Wings,,7010,,assets/images/game-data/goods/46080038.png
94030001,Spiritus Crystalline,"used with Gods' power, can be exchanged for Immortal Card Pack. J",1000,,assets/images/game-data/goods/94030001.png
42019104,Spring Equinox Archive,Used to activate or improve Archive - Awakening of Insects,9001,,assets/images/game-data/goods/42019104.png
42015027,Spring Hill - Gentleman,Used to activate or improve Archive - Training Gear - F,9001,,assets/images/game-data/goods/42015027.png
42015028,Spring Hill - Lady,Used to activate or improve Archive - Spring Hill - M,9001,,assets/images/game-data/goods/42015028.png
46080151,Star Dance Phantom,,7010,,assets/images/game-data/goods/46080151.png
45073012,Star-Feather Chaos - Ethereal,,9134,,assets/images/game-data/goods/45073012.png
45072012,Star-Feather Chaos - Rouge,,9134,,assets/images/game-data/goods/45072012.png
45074002,Star-Moon Legend - Rouge,,9134,,assets/images/game-data/goods/45074002.png
46070028,Starhunt Sanctum,,7008,,assets/images/game-data/goods/46070028.png
30470203,Starry Dragon,Used to activate and star up the Advanced Transform - Jingwei,9132,,assets/images/game-data/goods/30470203.png
42019113,Start of Autumn Archive,Used to activate or improve Archive - Major Heat,9001,,assets/images/game-data/goods/42019113.png
42019101,Start of Spring Archive,Used to activate or improve Archive - Skywolf Anima - T5,9001,,assets/images/game-data/goods/42019101.png
42019107,Start of Summer Archive,Used to activate or improve Archive - Grain Rain,9001,,assets/images/game-data/goods/42019107.png
42019119,Start of Winter Archive,Used to activate or improve Archive - Frost's Descent,9001,,assets/images/game-data/goods/42019119.png
42017005,Suanni Archive,Used to activate or improve Archive - Pulao,9001,,assets/images/game-data/goods/42017005.png
42019110,Summer Solstice Archive,Used to activate or improve Archive - Grain in Ear,9001,,assets/images/game-data/goods/42019110.png
46080031,Sun Feather Burning Sun,,7010,,assets/images/game-data/goods/46080031.png
46080108,Sun Spirit Sundial Crown,,7010,,assets/images/game-data/goods/46080108.png
46140001,Sunbird Feather,,6056,,assets/images/game-data/goods/46140001.png
46140055,Sundancer Fox Heart,,7008,,assets/images/game-data/goods/46140055.png
48180003,Supremacy,,0,,assets/images/game-data/goods/48180003.png
23019474,Supreme Dragon,,6055,,assets/images/game-data/goods/23019474.png
46160001,Supreme Reign,,9134,,assets/images/game-data/goods/46160001.png
46051065,Sweet Pet - Emerald,,6058,,assets/images/game-data/goods/46051065.png
46051063,Sweet Pet - Ethereal,,6058,,assets/images/game-data/goods/46051063.png
46051064,Sweet Pet - Green,,6058,,assets/images/game-data/goods/46051064.png
46051066,Sweet Pet - Nostalgia,,6058,,assets/images/game-data/goods/46051066.png
46051062,Sweet Pet - Rouge,,6058,,assets/images/game-data/goods/46051062.png
45051031,Symphony Avatar Frame,,6025,,assets/images/game-data/goods/45051031.png
45061031,Symphony Bubble Frame,,6025,,assets/images/game-data/goods/45061031.png
45050004,Thistle Avatar Frame,,6025,,assets/images/game-data/goods/45050004.png
45060007,Thistle Bubble Frame,,6025,,assets/images/game-data/goods/45060007.png
61030001,Thunder Crystalline,,7033,,assets/images/game-data/goods/61030001.png
46033018,Thunderling,,7010,,assets/images/game-data/goods/46033018.png
46070024,Tidal Stars,,7008,,assets/images/game-data/goods/46070024.png
42015065,Tidal Surge - Gentleman,Used to activate or improve Archive - Ginkgo Fall - F,9001,,assets/images/game-data/goods/42015065.png
42015066,Tidal Surge - Lady,Used to activate or improve Archive - Tidal Surge - M,9001,,assets/images/game-data/goods/42015066.png
32160002,Time Stone,material used to rouse the ultimate stats of Glossy gear,7078,,assets/images/game-data/goods/32160002.png
42015062,Timeless Era - Gentleman,Used to activate or improve Archive - Timeless Era - F,9001,,assets/images/game-data/goods/42015062.png
42015061,Timeless Era - Lady,Used to activate or improve Archive - Snownight Attire - F,9001,,assets/images/game-data/goods/42015061.png
42015003,Top Idol - Gentleman,Used to activate or improve Archive - Frozen Miracle - M,9001,,assets/images/game-data/goods/42015003.png
42015004,Top Idol - Lady,Used to activate or improve Archive - Top Idol - M,9001,,assets/images/game-data/goods/42015004.png
45074011,Trail Deer - Green,,9134,,assets/images/game-data/goods/45074011.png
45072011,Trail Deer - Rouge,,9134,,assets/images/game-data/goods/45072011.png
42015025,Training Gear - Gentleman,Used to activate or improve Archive - Radiant Moon - M,9001,,assets/images/game-data/goods/42015025.png
42015026,Training Gear - Lady,Used to activate or improve Archive - Training Gear - M,9001,,assets/images/game-data/goods/42015026.png
48190010,Treasure Lotus,,0,,assets/images/game-data/goods/48190010.png
48190011,Treasure Pouch,,0,,assets/images/game-data/goods/48190011.png
48170013,Tribute,,0,,assets/images/game-data/goods/48170013.png
50010003,Trinket Soulcore,the most powerful force on this continent; can be used to raise the level of a Trinket,7032,,assets/images/game-data/goods/50010003.png
50010008,Trinket Soulflow,the most powerful force on this continent; can be used to raise the level of a Trinket,7032,,assets/images/game-data/goods/50010008.png
50010007,Trinket Soulmist,the most powerful force on this continent; can be used to raise the level of a Trinket,7032,,assets/images/game-data/goods/50010007.png
50010004,Trinket Soulshard,2 ???? ???? 2 ?? Sky - Violet Bloom Lantern ????,7032,,assets/images/game-data/goods/50010004.png
48190016,Two-Faced Rakshasa,,0,,assets/images/game-data/goods/48190016.png
46160015,Undersea World,,9134,,assets/images/game-data/goods/46160015.png
34010001,Valkyrie Item,,6016,,assets/images/game-data/goods/34010001.png
34010002,Valkyrie Item,,7001,,assets/images/game-data/goods/34010002.png
34030002,Valkyrie Item <,,6017,,assets/images/game-data/goods/34030002.png
34030003,Valkyrie Item <,,6017,,assets/images/game-data/goods/34030003.png
34030004,Valkyrie Item <,,6017,,assets/images/game-data/goods/34030004.png
34030005,Valkyrie Item <,,6017,,assets/images/game-data/goods/34030005.png
34030006,Valkyrie Item <,,6017,,assets/images/game-data/goods/34030006.png
34030007,Valkyrie Item <,,6017,,assets/images/game-data/goods/34030007.png
34030008,Valkyrie Item <,,6017,,assets/images/game-data/goods/34030008.png
34030009,Valkyrie Item <,,6017,,assets/images/game-data/goods/34030009.png
34030010,Valkyrie Item <,,6017,,assets/images/game-data/goods/34030010.png
34030011,Valkyrie Item <,,6017,,assets/images/game-data/goods/34030011.png
34030012,Valkyrie Item <,,6017,,assets/images/game-data/goods/34030012.png
42015015,Vastness Ballad - Gentleman,Used to activate or improve Archive - Celestial Shadow - F,9001,,assets/images/game-data/goods/42015015.png
42015016,Vastness Ballad - Lady,Used to activate or improve Archive - Vastness Ballad - M,9001,,assets/images/game-data/goods/42015016.png
42014205,Vega Archive,Used to activate or improve Archive - Regulus,9001,,assets/images/game-data/goods/42014205.png
23019457,Vermilion Bird,,6055,,assets/images/game-data/goods/23019457.png
42016073,Vermilion Bird - Celestial Archive,Used to activate or improve Archive - Vermilion Bird - Mystic,9001,,assets/images/game-data/goods/42016073.png
42016075,Vermilion Bird - Divine Archive,Used to activate or improve Archive - Vermilion Bird - Sacred,9001,,assets/images/game-data/goods/42016075.png
42016072,Vermilion Bird - Mystic Archive,Used to activate or improve Archive - Vermilion Bird - Spirit,9001,,assets/images/game-data/goods/42016072.png
42016074,Vermilion Bird - Sacred Archive,Used to activate or improve Archive - Vermilion Bird - Sky,9001,,assets/images/game-data/goods/42016074.png
42016071,Vermilion Bird - Spirit Archive,Used to activate or improve Archive - Zhuyan - Divine,9001,,assets/images/game-data/goods/42016071.png
48170012,Void,,0,,assets/images/game-data/goods/48170012.png
61030004,Void Crystalline,A precious stone required to activate the Accessory Set in the Accessory slot,7033,,assets/images/game-data/goods/61030004.png
46080013,Wandering Ballad,,7010,,assets/images/game-data/goods/46080013.png
37020301,Warsoul Uniform,,6023,,assets/images/game-data/goods/37020301.png
46053161,Waving Flowers - Emerald,,6058,,assets/images/game-data/goods/46053161.png
46055161,Waving Flowers - Ethereal,,6058,,assets/images/game-data/goods/46055161.png
46054161,Waving Flowers - Green,,6058,,assets/images/game-data/goods/46054161.png
46052161,Waving Flowers - Nostalgia,,6058,,assets/images/game-data/goods/46052161.png
46051161,Waving Flowers - Rouge,,6058,,assets/images/game-data/goods/46051161.png
46051074,Wealthy Lord - Emerald,,6058,,assets/images/game-data/goods/46051074.png
46051076,Wealthy Lord - Ethereal,,6058,,assets/images/game-data/goods/46051076.png
46051073,Wealthy Lord - Green,,6058,,assets/images/game-data/goods/46051073.png
46051072,Wealthy Lord - Nostalgia,,6058,,assets/images/game-data/goods/46051072.png
46051075,Wealthy Lord - Rouge,,6058,,assets/images/game-data/goods/46051075.png
30470003,Western Queen,/ %Temporary item icon placeholder,9132,,assets/images/game-data/goods/30470003.png
42019115,White Dew Archive,Used to activate or improve Archive - End of Heat,9001,,assets/images/game-data/goods/42019115.png
42016003,White Tiger - Celestial Archive,Used to activate or improve Archive - White Tiger - Mystic,9001,,assets/images/game-data/goods/42016003.png
42016005,White Tiger - Divine Archive,Used to activate or improve Archive - White Tiger - Sacred,9001,,assets/images/game-data/goods/42016005.png
42016002,White Tiger - Mystic Archive,Used to activate or improve Archive - White Tiger - Spirit,9001,,assets/images/game-data/goods/42016002.png
42016004,White Tiger - Sacred Archive,Used to activate or improve Archive - White Tiger - Sky,9001,,assets/images/game-data/goods/42016004.png
42016001,White Tiger - Spirit Archive,Used to activate or improve Archive - Wisteria Dream - M,9001,,assets/images/game-data/goods/42016001.png
42019001,White Tiger Anima - T1 Archive,Used to activate or improve Archive - Jade-Like Grace,9001,,assets/images/game-data/goods/42019001.png
42019002,White Tiger Anima - T2 Archive,Used to activate or improve Archive - White Tiger Anima - T1,9001,,assets/images/game-data/goods/42019002.png
42019003,White Tiger Anima - T3 Archive,Used to activate or improve Archive - White Tiger Anima - T2,9001,,assets/images/game-data/goods/42019003.png
42019004,White Tiger Anima - T4 Archive,Used to activate or improve Archive - White Tiger Anima - T3,9001,,assets/images/game-data/goods/42019004.png
42019005,White Tiger Anima - T5 Archive,Used to activate or improve Archive - White Tiger Anima - T4,9001,,assets/images/game-data/goods/42019005.png
48170014,Wicked Dragon,,0,,assets/images/game-data/goods/48170014.png
46080133,Wild Crane,,7010,,assets/images/game-data/goods/46080133.png
36210001,Wing Essence,"Provides energy for pets, enhancing their abilities",7011,,assets/images/game-data/goods/36210001.png
48170011,Winter,,0,,assets/images/game-data/goods/48170011.png
42019122,Winter Solstice Archive,Used to activate or improve Archive - Major Snow,9001,,assets/images/game-data/goods/42019122.png
42015070,Wisteria Dream - Gentleman,Used to activate or improve Archive - Wisteria Dream - F,9001,,assets/images/game-data/goods/42015070.png
42015069,Wisteria Dream - Lady,Used to activate or improve Archive - Space Voyage - F,9001,,assets/images/game-data/goods/42015069.png
46160004,Wondrous Lord,,3,,assets/images/game-data/goods/46160004.png
46080150,Wondrous Soul,,7010,,assets/images/game-data/goods/46080150.png
48210003,Wood Carving - Asura,,0,,assets/images/game-data/goods/48210003.png
48160003,Wood Carving - Daji,,0,,assets/images/game-data/goods/48160003.png
48200003,Wood Carving - Divine Dragon,,0,,assets/images/game-data/goods/48200003.png
48200002,Wood Carving - Ice Phoenix,,0,,assets/images/game-data/goods/48200002.png
48160004,Wood Carving - Nezha,,0,,assets/images/game-data/goods/48160004.png
48200001,Wood Carving - Phoenix,,0,,assets/images/game-data/goods/48200001.png
48210002,Wood Carving - Shark Kun,,0,,assets/images/game-data/goods/48210002.png
48210001,Wood Carving - Taowu,,0,,assets/images/game-data/goods/48210001.png
48160002,Wood Carving - Wukong,,0,,assets/images/game-data/goods/48160002.png
48210004,Wood Carving - Wuzhiqi,,0,,assets/images/game-data/goods/48210004.png
48200004,Wood Carving - Yinglong,,0,,assets/images/game-data/goods/48200004.png
48190005,Wraith Hunt,,0,,assets/images/game-data/goods/48190005.png
42016076,Yaoji - Divine Archive,Used to activate or improve Archive - Vermilion Bird - Divine,9001,,assets/images/game-data/goods/42016076.png
42017002,Yazi Archive,Used to activate or improve Archive - Caged Ox,9001,,assets/images/game-data/goods/42017002.png
46051067,Yin-Yang Pass - Dark,,6058,,assets/images/game-data/goods/46051067.png
46051068,Yin-Yang Pass - Emerald,,6058,,assets/images/game-data/goods/46051068.png
46051069,Yin-Yang Pass - Green,,6058,,assets/images/game-data/goods/46051069.png
46051070,Yin-Yang Pass - Nostalgia,,6058,,assets/images/game-data/goods/46051070.png
46051071,Yin-Yang Pass - Rouge,,6058,,assets/images/game-data/goods/46051071.png
46140063,Yin-Yang Token,,7008,,assets/images/game-data/goods/46140063.png
30470101,Zhurong,/ %Temporary item icon placeholder,9132,,assets/images/game-data/goods/30470101.png
42016068,Zhuyan - Celestial Archive,Used to activate or improve Archive - Zhuyan - Mystic,9001,,assets/images/game-data/goods/42016068.png
42016070,Zhuyan - Divine Archive,Used to activate or improve Archive - Zhuyan - Sacred,9001,,assets/images/game-data/goods/42016070.png
42016067,Zhuyan - Mystic Archive,Used to activate or improve Archive - Zhuyan - Spirit,9001,,assets/images/game-data/goods/42016067.png
42016069,Zhuyan - Sacred Archive,Used to activate or improve Archive - Zhuyan - Sky,9001,,assets/images/game-data/goods/42016069.png
42016066,Zhuyan - Spirit Archive,Used to activate or improve Archive - Huodou - Divine,9001,,assets/images/game-data/goods/42016066.png
