"monster_id","name_en","name_status","source_file","evidence"
"10000","Lovebond Fairy","extraido-directo","data_mon_10000__lua_config_mon_en__7bac18bb7d.txt","campo name/title del módulo data_mon_* en inglés"
"1000","","sin-nombre-legible","data_mon_1000__lua_config_mon_en__1ec657f69a.txt","campo name/title del módulo data_mon_* en inglés"
"1001","","sin-nombre-legible","data_mon_1001__lua_config_mon_en__1c8602188b.txt","campo name/title del módulo data_mon_* en inglés"
"2002","","sin-nombre-legible","data_mon_2002__lua_config_mon_en__92b09a3992.txt","campo name/title del módulo data_mon_* en inglés"
"2003","","sin-nombre-legible","data_mon_2003__lua_config_mon_en__e541347cd9.txt","campo name/title del módulo data_mon_* en inglés"
"2004","","sin-nombre-legible","data_mon_2004__lua_config_mon_en__36bcbd8000.txt","campo name/title del módulo data_mon_* en inglés"
"2005","Chang Sheng","extraido-directo","data_mon_2005__lua_config_mon_en__15edb98b2a.txt","campo name/title del módulo data_mon_* en inglés"
"2102","","sin-nombre-legible","data_mon_2102__lua_config_mon_en__64eb97844c.txt","campo name/title del módulo data_mon_* en inglés"
"2103","","sin-nombre-legible","data_mon_2103__lua_config_mon_en__0c4d2872a8.txt","campo name/title del módulo data_mon_* en inglés"
"2110","","sin-nombre-legible","data_mon_2110__lua_config_mon_en__e9de3a72c7.txt","campo name/title del módulo data_mon_* en inglés"
"2400","Awakened - Shark Kun","extraido-directo","data_mon_2400__lua_config_mon_en__6ab2357898.txt","campo name/title del módulo data_mon_* en inglés"
"2401","Awakened - Xiangliu","extraido-directo","data_mon_2401__lua_config_mon_en__5cb469d250.txt","campo name/title del módulo data_mon_* en inglés"
"2402","Awakened - Pangu","extraido-directo","data_mon_2402__lua_config_mon_en__e5419f54c4.txt","campo name/title del módulo data_mon_* en inglés"
"2403","Awakened - Taotie","extraido-directo","data_mon_2403__lua_config_mon_en__3f911eb730.txt","campo name/title del módulo data_mon_* en inglés"
"2404","Awakened - Qiongqi","extraido-directo","data_mon_2404__lua_config_mon_en__ffb1b62b9b.txt","campo name/title del módulo data_mon_* en inglés"
"2405","Awakened - Dragon","extraido-directo","data_mon_2405__lua_config_mon_en__9229719a86.txt","campo name/title del módulo data_mon_* en inglés"
"2406","Awakened - Shebishi","extraido-directo","data_mon_2406__lua_config_mon_en__35e3fb2a4e.txt","campo name/title del módulo data_mon_* en inglés"
"2407","Awakened - Shebishi","extraido-directo","data_mon_2407__lua_config_mon_en__04e488c717.txt","campo name/title del módulo data_mon_* en inglés"
"2408","Awakened - Lu Wu","extraido-directo","data_mon_2408__lua_config_mon_en__cc8adf9215.txt","campo name/title del módulo data_mon_* en inglés"
"2409","Awakened - Sword Saint","extraido-directo","data_mon_2409__lua_config_mon_en__0b6f0bb200.txt","campo name/title del módulo data_mon_* en inglés"
"2410","Awakened - Kunpeng","extraido-directo","data_mon_2410__lua_config_mon_en__14a4410356.txt","campo name/title del módulo data_mon_* en inglés"
"2411","Awakened - Pangu","extraido-directo","data_mon_2411__lua_config_mon_en__76728a00f5.txt","campo name/title del módulo data_mon_* en inglés"
"2412","Awakened - Pangu","extraido-directo","data_mon_2412__lua_config_mon_en__49e8a946bf.txt","campo name/title del módulo data_mon_* en inglés"
"2413","Awakened - Taotie","extraido-directo","data_mon_2413__lua_config_mon_en__f29a537e5b.txt","campo name/title del módulo data_mon_* en inglés"
"2414","Awakened - Qiongqi","extraido-directo","data_mon_2414__lua_config_mon_en__698d74c130.txt","campo name/title del módulo data_mon_* en inglés"
"2415","Awakened - Dragon","extraido-directo","data_mon_2415__lua_config_mon_en__6196a38e8c.txt","campo name/title del módulo data_mon_* en inglés"
"2416","Awakened - Shebishi","extraido-directo","data_mon_2416__lua_config_mon_en__d784515481.txt","campo name/title del módulo data_mon_* en inglés"
"2417","Awakened - Shebishi","extraido-directo","data_mon_2417__lua_config_mon_en__0b8c335253.txt","campo name/title del módulo data_mon_* en inglés"
"2418","Awakened - Lu Wu","extraido-directo","data_mon_2418__lua_config_mon_en__9ecce63960.txt","campo name/title del módulo data_mon_* en inglés"
"2419","Awakened - Sword Saint","extraido-directo","data_mon_2419__lua_config_mon_en__f5184df2cf.txt","campo name/title del módulo data_mon_* en inglés"
"2420","Awakened - Kunpeng","extraido-directo","data_mon_2420__lua_config_mon_en__4aa041ebb2.txt","campo name/title del módulo data_mon_* en inglés"
"2421","Awakened - Pangu","extraido-directo","data_mon_2421__lua_config_mon_en__2392ddcaa8.txt","campo name/title del módulo data_mon_* en inglés"
"2422","Awakened - Pangu","extraido-directo","data_mon_2422__lua_config_mon_en__4d90f515f2.txt","campo name/title del módulo data_mon_* en inglés"
"2423","Awakened - Taotie","extraido-directo","data_mon_2423__lua_config_mon_en__6dc719bd7c.txt","campo name/title del módulo data_mon_* en inglés"
"2424","Awakened - Qiongqi","extraido-directo","data_mon_2424__lua_config_mon_en__6c0feb0dcb.txt","campo name/title del módulo data_mon_* en inglés"
"2425","Awakened - Dragon","extraido-directo","data_mon_2425__lua_config_mon_en__b50141361c.txt","campo name/title del módulo data_mon_* en inglés"
"2426","Awakened - Shebishi","extraido-directo","data_mon_2426__lua_config_mon_en__ffbf8ae39c.txt","campo name/title del módulo data_mon_* en inglés"
"2427","Awakened - Shebishi","extraido-directo","data_mon_2427__lua_config_mon_en__7bbcd09fa8.txt","campo name/title del módulo data_mon_* en inglés"
"2428","Awakened - Lu Wu","extraido-directo","data_mon_2428__lua_config_mon_en__f9822ab2bb.txt","campo name/title del módulo data_mon_* en inglés"
"2429","Awakened - Sword Saint","extraido-directo","data_mon_2429__lua_config_mon_en__902ec6a857.txt","campo name/title del módulo data_mon_* en inglés"
"2430","Awakened - Kunpeng","extraido-directo","data_mon_2430__lua_config_mon_en__95445bf043.txt","campo name/title del módulo data_mon_* en inglés"
"2431","Awakened - Pangu","extraido-directo","data_mon_2431__lua_config_mon_en__15d8b40bf8.txt","campo name/title del módulo data_mon_* en inglés"
"2432","Awakened - Pangu","extraido-directo","data_mon_2432__lua_config_mon_en__375b03131d.txt","campo name/title del módulo data_mon_* en inglés"
"2433","Awakened - Taotie","extraido-directo","data_mon_2433__lua_config_mon_en__95e9e8a719.txt","campo name/title del módulo data_mon_* en inglés"
"2434","Awakened - Qiongqi","extraido-directo","data_mon_2434__lua_config_mon_en__b8de0be27c.txt","campo name/title del módulo data_mon_* en inglés"
"2435","Awakened - Dragon","extraido-directo","data_mon_2435__lua_config_mon_en__a4c92f8cd6.txt","campo name/title del módulo data_mon_* en inglés"
"2436","Awakened - Shebishi","extraido-directo","data_mon_2436__lua_config_mon_en__2c0d1ed380.txt","campo name/title del módulo data_mon_* en inglés"
"2437","Awakened - Shebishi","extraido-directo","data_mon_2437__lua_config_mon_en__d9e3d4ec74.txt","campo name/title del módulo data_mon_* en inglés"
"2438","Awakened - Lu Wu","extraido-directo","data_mon_2438__lua_config_mon_en__5eccda7307.txt","campo name/title del módulo data_mon_* en inglés"
"2439","Awakened - Sword Saint","extraido-directo","data_mon_2439__lua_config_mon_en__6ec9e4bf68.txt","campo name/title del módulo data_mon_* en inglés"
"2440","Awakened - Kunpeng","extraido-directo","data_mon_2440__lua_config_mon_en__e2552a4f81.txt","campo name/title del módulo data_mon_* en inglés"
"2441","Awakened - Pangu","extraido-directo","data_mon_2441__lua_config_mon_en__e01c101602.txt","campo name/title del módulo data_mon_* en inglés"
"2442","Awakened - Pangu","extraido-directo","data_mon_2442__lua_config_mon_en__ea07f51862.txt","campo name/title del módulo data_mon_* en inglés"
"2443","Awakened - Taotie","extraido-directo","data_mon_2443__lua_config_mon_en__399493aa0b.txt","campo name/title del módulo data_mon_* en inglés"
"2444","Awakened - Qiongqi","extraido-directo","data_mon_2444__lua_config_mon_en__9d23e3052c.txt","campo name/title del módulo data_mon_* en inglés"
"2445","Awakened - Dragon","extraido-directo","data_mon_2445__lua_config_mon_en__b61678a7ac.txt","campo name/title del módulo data_mon_* en inglés"
"2446","Awakened - Shebishi","extraido-directo","data_mon_2446__lua_config_mon_en__b8728153d3.txt","campo name/title del módulo data_mon_* en inglés"
"2447","Awakened - Shebishi","extraido-directo","data_mon_2447__lua_config_mon_en__d31643dc17.txt","campo name/title del módulo data_mon_* en inglés"
"2448","Awakened - Lu Wu","extraido-directo","data_mon_2448__lua_config_mon_en__2438cfb2cf.txt","campo name/title del módulo data_mon_* en inglés"
"2449","Awakened - Sword Saint","extraido-directo","data_mon_2449__lua_config_mon_en__c7a26fbfda.txt","campo name/title del módulo data_mon_* en inglés"
"2450","Awakened - Kunpeng","extraido-directo","data_mon_2450__lua_config_mon_en__eb620c7ed0.txt","campo name/title del módulo data_mon_* en inglés"
"2451","Awakened - Pangu","extraido-directo","data_mon_2451__lua_config_mon_en__55f0bc3078.txt","campo name/title del módulo data_mon_* en inglés"
"2452","Awakened - Pangu","extraido-directo","data_mon_2452__lua_config_mon_en__49581529cc.txt","campo name/title del módulo data_mon_* en inglés"
"2453","Awakened - Taotie","extraido-directo","data_mon_2453__lua_config_mon_en__6536cd3b0e.txt","campo name/title del módulo data_mon_* en inglés"
"2454","Awakened - Qiongqi","extraido-directo","data_mon_2454__lua_config_mon_en__4f5434e8b8.txt","campo name/title del módulo data_mon_* en inglés"
"2455","Awakened - Dragon","extraido-directo","data_mon_2455__lua_config_mon_en__2986b0d7e3.txt","campo name/title del módulo data_mon_* en inglés"
"2456","Awakened - Shebishi","extraido-directo","data_mon_2456__lua_config_mon_en__6ddf8a9d3d.txt","campo name/title del módulo data_mon_* en inglés"
"2457","Awakened - Shebishi","extraido-directo","data_mon_2457__lua_config_mon_en__d79070c3f3.txt","campo name/title del módulo data_mon_* en inglés"
"2458","Awakened - Lu Wu","extraido-directo","data_mon_2458__lua_config_mon_en__5acbb19dd1.txt","campo name/title del módulo data_mon_* en inglés"
"2459","Awakened - Sword Saint","extraido-directo","data_mon_2459__lua_config_mon_en__37de843641.txt","campo name/title del módulo data_mon_* en inglés"
"2460","Awakened - Kunpeng","extraido-directo","data_mon_2460__lua_config_mon_en__729a3cbbd1.txt","campo name/title del módulo data_mon_* en inglés"
"2461","Awakened - Pangu","extraido-directo","data_mon_2461__lua_config_mon_en__61c12ada79.txt","campo name/title del módulo data_mon_* en inglés"
"2462","Awakened - Pangu","extraido-directo","data_mon_2462__lua_config_mon_en__15229aee84.txt","campo name/title del módulo data_mon_* en inglés"
"2463","Awakened - Taotie","extraido-directo","data_mon_2463__lua_config_mon_en__790ef709bc.txt","campo name/title del módulo data_mon_* en inglés"
"2464","Awakened - Qiongqi","extraido-directo","data_mon_2464__lua_config_mon_en__1a2ac39a1d.txt","campo name/title del módulo data_mon_* en inglés"
"2465","Awakened - Dragon","extraido-directo","data_mon_2465__lua_config_mon_en__00c98b820f.txt","campo name/title del módulo data_mon_* en inglés"
"2466","Awakened - Shebishi","extraido-directo","data_mon_2466__lua_config_mon_en__c1d7205982.txt","campo name/title del módulo data_mon_* en inglés"
"2467","Awakened - Shebishi","extraido-directo","data_mon_2467__lua_config_mon_en__d193150d2c.txt","campo name/title del módulo data_mon_* en inglés"
"2468","Awakened - Lu Wu","extraido-directo","data_mon_2468__lua_config_mon_en__c702c72166.txt","campo name/title del módulo data_mon_* en inglés"
"2469","Awakened - Sword Saint","extraido-directo","data_mon_2469__lua_config_mon_en__26fd5bf23b.txt","campo name/title del módulo data_mon_* en inglés"
"2470","Awakened - Kunpeng","extraido-directo","data_mon_2470__lua_config_mon_en__4fc6bf10b3.txt","campo name/title del módulo data_mon_* en inglés"
"2471","Awakened - Pangu","extraido-directo","data_mon_2471__lua_config_mon_en__89dfb5b512.txt","campo name/title del módulo data_mon_* en inglés"
"2472","Awakened - Pangu","extraido-directo","data_mon_2472__lua_config_mon_en__e662e9978e.txt","campo name/title del módulo data_mon_* en inglés"
"2473","Awakened - Taotie","extraido-directo","data_mon_2473__lua_config_mon_en__40eec94cd3.txt","campo name/title del módulo data_mon_* en inglés"
"2474","Awakened - Qiongqi","extraido-directo","data_mon_2474__lua_config_mon_en__f6553b2025.txt","campo name/title del módulo data_mon_* en inglés"
"2475","Awakened - Dragon","extraido-directo","data_mon_2475__lua_config_mon_en__9c26ea52ad.txt","campo name/title del módulo data_mon_* en inglés"
"2476","Awakened - Shebishi","extraido-directo","data_mon_2476__lua_config_mon_en__2d29dca063.txt","campo name/title del módulo data_mon_* en inglés"
"2477","Awakened - Shebishi","extraido-directo","data_mon_2477__lua_config_mon_en__f4ea7c4c82.txt","campo name/title del módulo data_mon_* en inglés"
"2478","Awakened - Lu Wu","extraido-directo","data_mon_2478__lua_config_mon_en__f341a0ec17.txt","campo name/title del módulo data_mon_* en inglés"
"2479","Awakened - Sword Saint","extraido-directo","data_mon_2479__lua_config_mon_en__3db9bdaa74.txt","campo name/title del módulo data_mon_* en inglés"
"2480","Awakened - Kunpeng","extraido-directo","data_mon_2480__lua_config_mon_en__e6fe2495d6.txt","campo name/title del módulo data_mon_* en inglés"
"2481","Awakened - Pangu","extraido-directo","data_mon_2481__lua_config_mon_en__d117e4c21f.txt","campo name/title del módulo data_mon_* en inglés"
"2482","Awakened - Pangu","extraido-directo","data_mon_2482__lua_config_mon_en__3fd266bfa1.txt","campo name/title del módulo data_mon_* en inglés"
"2483","Awakened - Taotie","extraido-directo","data_mon_2483__lua_config_mon_en__46e8d11638.txt","campo name/title del módulo data_mon_* en inglés"
"2484","Awakened - Qiongqi","extraido-directo","data_mon_2484__lua_config_mon_en__a7f5b00d7a.txt","campo name/title del módulo data_mon_* en inglés"
"2485","Awakened - Dragon","extraido-directo","data_mon_2485__lua_config_mon_en__f567b766dc.txt","campo name/title del módulo data_mon_* en inglés"
"2486","Awakened - Shebishi","extraido-directo","data_mon_2486__lua_config_mon_en__ce816743ab.txt","campo name/title del módulo data_mon_* en inglés"
"2487","Awakened - Shebishi","extraido-directo","data_mon_2487__lua_config_mon_en__950ba2c79b.txt","campo name/title del módulo data_mon_* en inglés"
"2488","Awakened - Lu Wu","extraido-directo","data_mon_2488__lua_config_mon_en__6b28897a15.txt","campo name/title del módulo data_mon_* en inglés"
"2489","Awakened - Sword Saint","extraido-directo","data_mon_2489__lua_config_mon_en__185af40fc5.txt","campo name/title del módulo data_mon_* en inglés"
"2490","Awakened - Kunpeng","extraido-directo","data_mon_2490__lua_config_mon_en__acef5f6a67.txt","campo name/title del módulo data_mon_* en inglés"
"2491","Awakened - Pangu","extraido-directo","data_mon_2491__lua_config_mon_en__d01dabef4d.txt","campo name/title del módulo data_mon_* en inglés"
"2492","Awakened - Pangu","extraido-directo","data_mon_2492__lua_config_mon_en__5678b9b867.txt","campo name/title del módulo data_mon_* en inglés"
"2493","Awakened - Taotie","extraido-directo","data_mon_2493__lua_config_mon_en__2ec339dd86.txt","campo name/title del módulo data_mon_* en inglés"
"2494","Awakened - Qiongqi","extraido-directo","data_mon_2494__lua_config_mon_en__a97aea7126.txt","campo name/title del módulo data_mon_* en inglés"
"2495","Awakened - Dragon","extraido-directo","data_mon_2495__lua_config_mon_en__7e0ad953b3.txt","campo name/title del módulo data_mon_* en inglés"
"2496","Awakened - Shebishi","extraido-directo","data_mon_2496__lua_config_mon_en__0c656dd3f8.txt","campo name/title del módulo data_mon_* en inglés"
"2497","Awakened - Shebishi","extraido-directo","data_mon_2497__lua_config_mon_en__487ac3280c.txt","campo name/title del módulo data_mon_* en inglés"
"2498","Awakened - Lu Wu","extraido-directo","data_mon_2498__lua_config_mon_en__26d5da32fc.txt","campo name/title del módulo data_mon_* en inglés"
"2499","Awakened - Sword Saint","extraido-directo","data_mon_2499__lua_config_mon_en__761d6e8d10.txt","campo name/title del módulo data_mon_* en inglés"
"3002","","sin-nombre-legible","data_mon_3002__lua_config_mon_en__03fe3d2065.txt","campo name/title del módulo data_mon_* en inglés"
"3003","","sin-nombre-legible","data_mon_3003__lua_config_mon_en__821723452b.txt","campo name/title del módulo data_mon_* en inglés"
"3005","","sin-nombre-legible","data_mon_3005__lua_config_mon_en__197fe51065.txt","campo name/title del módulo data_mon_* en inglés"
"3021","Head to Bridge","extraido-directo","data_mon_3021__lua_config_mon_en__5f2bce68dd.txt","campo name/title del módulo data_mon_* en inglés"
"31002","Samsara of the Six Paths","extraido-directo","data_mon_31002__lua_config_mon_en__5d71a08091.txt","campo name/title del módulo data_mon_* en inglés"
"31003","Fire PhoenixIce Sunbird","extraido-directo","data_mon_31003__lua_config_mon_en__b604d35e87.txt","campo name/title del módulo data_mon_* en inglés"
"31005","Shark Kun","extraido-directo","data_mon_31005__lua_config_mon_en__9301627af8.txt","campo name/title del módulo data_mon_* en inglés"
"3101","Dragonflame Hall","extraido-directo","data_mon_3101__lua_config_mon_en__1bc2645e69.txt","campo name/title del módulo data_mon_* en inglés"
"3121","Skyfox Sect","extraido-directo","data_mon_3121__lua_config_mon_en__a763332d45.txt","campo name/title del módulo data_mon_* en inglés"
"3148","Painting Illusion","extraido-directo","data_mon_3148__lua_config_mon_en__f24fbd1494.txt","campo name/title del módulo data_mon_* en inglés"
"3156","Chess Illusion","extraido-directo","data_mon_3156__lua_config_mon_en__bc2e711d6a.txt","campo name/title del módulo data_mon_* en inglés"
"3166","Book Demon","extraido-directo","data_mon_3166__lua_config_mon_en__d975d4df6c.txt","campo name/title del módulo data_mon_* en inglés"
"32002","Samsara of the Six Paths","extraido-directo","data_mon_32002__lua_config_mon_en__d357e068c4.txt","campo name/title del módulo data_mon_* en inglés"
"32003","Fire PhoenixIce Sunbird","extraido-directo","data_mon_32003__lua_config_mon_en__31c918d134.txt","campo name/title del módulo data_mon_* en inglés"
"32005","Shark Kun","extraido-directo","data_mon_32005__lua_config_mon_en__c41ce07d81.txt","campo name/title del módulo data_mon_* en inglés"
"3201","Quest Ended","extraido-directo","data_mon_3201__lua_config_mon_en__203163bf20.txt","campo name/title del módulo data_mon_* en inglés"
"3250","","sin-nombre-legible","data_mon_3250__lua_config_mon_en__d849c3df4d.txt","campo name/title del módulo data_mon_* en inglés"
"3251","Unforgivable Evil","extraido-directo","data_mon_3251__lua_config_mon_en__a6c0e5d2e4.txt","campo name/title del módulo data_mon_* en inglés"
"33002","Samsara of the Six Paths","extraido-directo","data_mon_33002__lua_config_mon_en__ae3381b840.txt","campo name/title del módulo data_mon_* en inglés"
"33003","Fire PhoenixIce Sunbird","extraido-directo","data_mon_33003__lua_config_mon_en__3d40dea912.txt","campo name/title del módulo data_mon_* en inglés"
"33005","Shark Kun","extraido-directo","data_mon_33005__lua_config_mon_en__2bfe622cf9.txt","campo name/title del módulo data_mon_* en inglés"
"3345","Lunarborn Palace","extraido-directo","data_mon_3345__lua_config_mon_en__27c92dc806.txt","campo name/title del módulo data_mon_* en inglés"
"34002","Samsara of the Six Paths","extraido-directo","data_mon_34002__lua_config_mon_en__d2190ed527.txt","campo name/title del módulo data_mon_* en inglés"
"34003","Fire PhoenixIce Sunbird","extraido-directo","data_mon_34003__lua_config_mon_en__61b3241316.txt","campo name/title del módulo data_mon_* en inglés"
"34005","Shark Kun","extraido-directo","data_mon_34005__lua_config_mon_en__84355e072a.txt","campo name/title del módulo data_mon_* en inglés"
"35002","Samsara of the Six Paths","extraido-directo","data_mon_35002__lua_config_mon_en__23b3301ff2.txt","campo name/title del módulo data_mon_* en inglés"
"35003","Fire PhoenixIce Sunbird","extraido-directo","data_mon_35003__lua_config_mon_en__1e190547de.txt","campo name/title del módulo data_mon_* en inglés"
"35005","Shark Kun","extraido-directo","data_mon_35005__lua_config_mon_en__e3a07540d5.txt","campo name/title del módulo data_mon_* en inglés"
"3551","","sin-nombre-legible","data_mon_3551__lua_config_mon_en__e2d6a2ddae.txt","campo name/title del módulo data_mon_* en inglés"
"3552","","sin-nombre-legible","data_mon_3552__lua_config_mon_en__73de043192.txt","campo name/title del módulo data_mon_* en inglés"
"3553","","sin-nombre-legible","data_mon_3553__lua_config_mon_en__8a6c1bf38e.txt","campo name/title del módulo data_mon_* en inglés"
"3554","","sin-nombre-legible","data_mon_3554__lua_config_mon_en__8bd521c364.txt","campo name/title del módulo data_mon_* en inglés"
"3570","","sin-nombre-legible","data_mon_3570__lua_config_mon_en__a9d4bf9740.txt","campo name/title del módulo data_mon_* en inglés"
"36002","Samsara of the Six Paths","extraido-directo","data_mon_36002__lua_config_mon_en__7c7bf5caf2.txt","campo name/title del módulo data_mon_* en inglés"
"36003","Fire PhoenixIce Sunbird","extraido-directo","data_mon_36003__lua_config_mon_en__3638940571.txt","campo name/title del módulo data_mon_* en inglés"
"36005","Shark Kun","extraido-directo","data_mon_36005__lua_config_mon_en__55a452bd1c.txt","campo name/title del módulo data_mon_* en inglés"
"3601","","sin-nombre-legible","data_mon_3601__lua_config_mon_en__36bc74f8f2.txt","campo name/title del módulo data_mon_* en inglés"
"37002","Samsara of the Six Paths","extraido-directo","data_mon_37002__lua_config_mon_en__c9a81dc480.txt","campo name/title del módulo data_mon_* en inglés"
"37003","Fire PhoenixIce Sunbird","extraido-directo","data_mon_37003__lua_config_mon_en__dc85d86cd3.txt","campo name/title del módulo data_mon_* en inglés"
"37005","Shark Kun","extraido-directo","data_mon_37005__lua_config_mon_en__ff61753893.txt","campo name/title del módulo data_mon_* en inglés"
"3701","","sin-nombre-legible","data_mon_3701__lua_config_mon_en__0bdf1d0860.txt","campo name/title del módulo data_mon_* en inglés"
"373100","","sin-nombre-legible","data_mon_373100__lua_config_mon_en__6660ce3731.txt","campo name/title del módulo data_mon_* en inglés"
"373101","","sin-nombre-legible","data_mon_373101__lua_config_mon_en__dc18a74765.txt","campo name/title del módulo data_mon_* en inglés"
"373102","","sin-nombre-legible","data_mon_373102__lua_config_mon_en__7985fe65f8.txt","campo name/title del módulo data_mon_* en inglés"
"373103","","sin-nombre-legible","data_mon_373103__lua_config_mon_en__0f327a6627.txt","campo name/title del módulo data_mon_* en inglés"
"373104","","sin-nombre-legible","data_mon_373104__lua_config_mon_en__692e6496ef.txt","campo name/title del módulo data_mon_* en inglés"
"373105","","sin-nombre-legible","data_mon_373105__lua_config_mon_en__e38da608fe.txt","campo name/title del módulo data_mon_* en inglés"
"373106","","sin-nombre-legible","data_mon_373106__lua_config_mon_en__e3534f24c2.txt","campo name/title del módulo data_mon_* en inglés"
"373107","","sin-nombre-legible","data_mon_373107__lua_config_mon_en__5245fedacc.txt","campo name/title del módulo data_mon_* en inglés"
"373108","","sin-nombre-legible","data_mon_373108__lua_config_mon_en__fa6d958d5a.txt","campo name/title del módulo data_mon_* en inglés"
"373109","","sin-nombre-legible","data_mon_373109__lua_config_mon_en__f1bf4380db.txt","campo name/title del módulo data_mon_* en inglés"
"373110","Massive EXP","extraido-directo","data_mon_373110__lua_config_mon_en__111ac82597.txt","campo name/title del módulo data_mon_* en inglés"
"373120","","sin-nombre-legible","data_mon_373120__lua_config_mon_en__9d874533cd.txt","campo name/title del módulo data_mon_* en inglés"
"373121","","sin-nombre-legible","data_mon_373121__lua_config_mon_en__a6d34b2fec.txt","campo name/title del módulo data_mon_* en inglés"
"373122","","sin-nombre-legible","data_mon_373122__lua_config_mon_en__f1ac96d367.txt","campo name/title del módulo data_mon_* en inglés"
"373123","","sin-nombre-legible","data_mon_373123__lua_config_mon_en__875a42cf13.txt","campo name/title del módulo data_mon_* en inglés"
"373124","","sin-nombre-legible","data_mon_373124__lua_config_mon_en__afada9e393.txt","campo name/title del módulo data_mon_* en inglés"
"373125","","sin-nombre-legible","data_mon_373125__lua_config_mon_en__804528cf06.txt","campo name/title del módulo data_mon_* en inglés"
"373126","","sin-nombre-legible","data_mon_373126__lua_config_mon_en__edbbc71826.txt","campo name/title del módulo data_mon_* en inglés"
"373127","","sin-nombre-legible","data_mon_373127__lua_config_mon_en__477bdeb14d.txt","campo name/title del módulo data_mon_* en inglés"
"373128","","sin-nombre-legible","data_mon_373128__lua_config_mon_en__cac9e3e549.txt","campo name/title del módulo data_mon_* en inglés"
"373129","","sin-nombre-legible","data_mon_373129__lua_config_mon_en__472c11b99e.txt","campo name/title del módulo data_mon_* en inglés"
"373130","Massive EXP","extraido-directo","data_mon_373130__lua_config_mon_en__d9520b77f5.txt","campo name/title del módulo data_mon_* en inglés"
"373140","","sin-nombre-legible","data_mon_373140__lua_config_mon_en__c323e209ae.txt","campo name/title del módulo data_mon_* en inglés"
"373141","","sin-nombre-legible","data_mon_373141__lua_config_mon_en__74779d6467.txt","campo name/title del módulo data_mon_* en inglés"
"373142","","sin-nombre-legible","data_mon_373142__lua_config_mon_en__f05bf114c0.txt","campo name/title del módulo data_mon_* en inglés"
"373143","","sin-nombre-legible","data_mon_373143__lua_config_mon_en__562016b136.txt","campo name/title del módulo data_mon_* en inglés"
"373144","","sin-nombre-legible","data_mon_373144__lua_config_mon_en__00c24576ae.txt","campo name/title del módulo data_mon_* en inglés"
"373145","","sin-nombre-legible","data_mon_373145__lua_config_mon_en__062efa1964.txt","campo name/title del módulo data_mon_* en inglés"
"373146","","sin-nombre-legible","data_mon_373146__lua_config_mon_en__e53d964329.txt","campo name/title del módulo data_mon_* en inglés"
"373147","","sin-nombre-legible","data_mon_373147__lua_config_mon_en__11e02d773c.txt","campo name/title del módulo data_mon_* en inglés"
"373148","","sin-nombre-legible","data_mon_373148__lua_config_mon_en__5203130c76.txt","campo name/title del módulo data_mon_* en inglés"
"373149","","sin-nombre-legible","data_mon_373149__lua_config_mon_en__4d75b5f290.txt","campo name/title del módulo data_mon_* en inglés"
"373150","Massive EXP","extraido-directo","data_mon_373150__lua_config_mon_en__c4847c15fa.txt","campo name/title del módulo data_mon_* en inglés"
"3731","","sin-nombre-legible","data_mon_3731__lua_config_mon_en__19f4795aa6.txt","campo name/title del módulo data_mon_* en inglés"
"3771","Marrow Wedding Vessel","extraido-directo","data_mon_3771__lua_config_mon_en__ca0da9327d.txt","campo name/title del módulo data_mon_* en inglés"
"3772","Marrow Wedding Vessel","extraido-directo","data_mon_3772__lua_config_mon_en__193f6923e4.txt","campo name/title del módulo data_mon_* en inglés"
"3773","Marrow Wedding Vessel","extraido-directo","data_mon_3773__lua_config_mon_en__c17f0ad1ed.txt","campo name/title del módulo data_mon_* en inglés"
"38002","See what happened","extraido-directo","data_mon_38002__lua_config_mon_en__f3d92ea56a.txt","campo name/title del módulo data_mon_* en inglés"
"38003","","sin-nombre-legible","data_mon_38003__lua_config_mon_en__efd4dc845e.txt","campo name/title del módulo data_mon_* en inglés"
"38004","","sin-nombre-legible","data_mon_38004__lua_config_mon_en__8653f8dce3.txt","campo name/title del módulo data_mon_* en inglés"
"38005","Shark Kun","extraido-directo","data_mon_38005__lua_config_mon_en__7b3b5cdebd.txt","campo name/title del módulo data_mon_* en inglés"
"3910","","sin-nombre-legible","data_mon_3910__lua_config_mon_en__7d8f25b3e9.txt","campo name/title del módulo data_mon_* en inglés"
"3911","","sin-nombre-legible","data_mon_3911__lua_config_mon_en__69462eca66.txt","campo name/title del módulo data_mon_* en inglés"
"3912","","sin-nombre-legible","data_mon_3912__lua_config_mon_en__8f4c53ba1d.txt","campo name/title del módulo data_mon_* en inglés"
"3913","Ruins General","extraido-directo","data_mon_3913__lua_config_mon_en__b79d3246f4.txt","campo name/title del módulo data_mon_* en inglés"
"3920","","sin-nombre-legible","data_mon_3920__lua_config_mon_en__4ec80a57c1.txt","campo name/title del módulo data_mon_* en inglés"
"3921","Immortal Guard","extraido-directo","data_mon_3921__lua_config_mon_en__024cb97ab7.txt","campo name/title del módulo data_mon_* en inglés"
"3931","","sin-nombre-legible","data_mon_3931__lua_config_mon_en__33ba99b619.txt","campo name/title del módulo data_mon_* en inglés"
"4201","Time Realm","extraido-directo","data_mon_4201__lua_config_mon_en__d6fd126dcf.txt","campo name/title del módulo data_mon_* en inglés"
"4202","Time Realm","extraido-directo","data_mon_4202__lua_config_mon_en__44b3d73f84.txt","campo name/title del módulo data_mon_* en inglés"
"4203","Time Realm","extraido-directo","data_mon_4203__lua_config_mon_en__8ca3f7de3d.txt","campo name/title del módulo data_mon_* en inglés"
"4204","Time Realm","extraido-directo","data_mon_4204__lua_config_mon_en__fb847d2df4.txt","campo name/title del módulo data_mon_* en inglés"
"4205","Time Realm","extraido-directo","data_mon_4205__lua_config_mon_en__0fdd653718.txt","campo name/title del módulo data_mon_* en inglés"
"4206","Time Realm","extraido-directo","data_mon_4206__lua_config_mon_en__c35b36ca84.txt","campo name/title del módulo data_mon_* en inglés"
"4207","Time Realm","extraido-directo","data_mon_4207__lua_config_mon_en__ea904e70f4.txt","campo name/title del módulo data_mon_* en inglés"
"4208","Time Realm","extraido-directo","data_mon_4208__lua_config_mon_en__b625d25d75.txt","campo name/title del módulo data_mon_* en inglés"
"4209","Time Realm","extraido-directo","data_mon_4209__lua_config_mon_en__fc7c4cb3ad.txt","campo name/title del módulo data_mon_* en inglés"
"4210","Time Realm","extraido-directo","data_mon_4210__lua_config_mon_en__2cba1a656e.txt","campo name/title del módulo data_mon_* en inglés"
"4211","Time Realm","extraido-directo","data_mon_4211__lua_config_mon_en__8b2863d7cf.txt","campo name/title del módulo data_mon_* en inglés"
"4212","Time Realm","extraido-directo","data_mon_4212__lua_config_mon_en__e1ad60d8a1.txt","campo name/title del módulo data_mon_* en inglés"
"4213","Time Realm","extraido-directo","data_mon_4213__lua_config_mon_en__855e4541af.txt","campo name/title del módulo data_mon_* en inglés"
"4214","Time Realm","extraido-directo","data_mon_4214__lua_config_mon_en__51ac10371a.txt","campo name/title del módulo data_mon_* en inglés"
"4215","Time Realm","extraido-directo","data_mon_4215__lua_config_mon_en__d4381689be.txt","campo name/title del módulo data_mon_* en inglés"
"4216","Time Realm","extraido-directo","data_mon_4216__lua_config_mon_en__59d6b9b87c.txt","campo name/title del módulo data_mon_* en inglés"
"4217","Time Realm","extraido-directo","data_mon_4217__lua_config_mon_en__8228eecc81.txt","campo name/title del módulo data_mon_* en inglés"
"4218","Time Realm","extraido-directo","data_mon_4218__lua_config_mon_en__0ddbeb297f.txt","campo name/title del módulo data_mon_* en inglés"
"4219","Time Realm","extraido-directo","data_mon_4219__lua_config_mon_en__8b2d4ce8a5.txt","campo name/title del módulo data_mon_* en inglés"
"4220","Time Realm","extraido-directo","data_mon_4220__lua_config_mon_en__d266c86ac3.txt","campo name/title del módulo data_mon_* en inglés"
"4221","Time Realm","extraido-directo","data_mon_4221__lua_config_mon_en__bfd2cff48d.txt","campo name/title del módulo data_mon_* en inglés"
"4222","Time Realm","extraido-directo","data_mon_4222__lua_config_mon_en__72d0787471.txt","campo name/title del módulo data_mon_* en inglés"
"4223","Time Realm","extraido-directo","data_mon_4223__lua_config_mon_en__3b498e5f7f.txt","campo name/title del módulo data_mon_* en inglés"
"4224","Time Realm","extraido-directo","data_mon_4224__lua_config_mon_en__d35272f727.txt","campo name/title del módulo data_mon_* en inglés"
"4225","Time Realm","extraido-directo","data_mon_4225__lua_config_mon_en__717ff2d902.txt","campo name/title del módulo data_mon_* en inglés"
"4226","Time Realm","extraido-directo","data_mon_4226__lua_config_mon_en__f800c55706.txt","campo name/title del módulo data_mon_* en inglés"
"4227","Time Realm","extraido-directo","data_mon_4227__lua_config_mon_en__cb410bd616.txt","campo name/title del módulo data_mon_* en inglés"
"4228","Time Realm","extraido-directo","data_mon_4228__lua_config_mon_en__b0537a8a50.txt","campo name/title del módulo data_mon_* en inglés"
"4229","Time Realm","extraido-directo","data_mon_4229__lua_config_mon_en__0c193179ed.txt","campo name/title del módulo data_mon_* en inglés"
"4230","Time Realm","extraido-directo","data_mon_4230__lua_config_mon_en__cd4dfd355d.txt","campo name/title del módulo data_mon_* en inglés"
"4231","Time Realm","extraido-directo","data_mon_4231__lua_config_mon_en__0864001e13.txt","campo name/title del módulo data_mon_* en inglés"
"4232","Time Realm","extraido-directo","data_mon_4232__lua_config_mon_en__5c6f11fe75.txt","campo name/title del módulo data_mon_* en inglés"
"4233","Time Realm","extraido-directo","data_mon_4233__lua_config_mon_en__dd8eba9758.txt","campo name/title del módulo data_mon_* en inglés"
"4234","Time Realm","extraido-directo","data_mon_4234__lua_config_mon_en__ad75c3c848.txt","campo name/title del módulo data_mon_* en inglés"
"4235","Time Realm","extraido-directo","data_mon_4235__lua_config_mon_en__5ced937cc4.txt","campo name/title del módulo data_mon_* en inglés"
"4236","Time Realm","extraido-directo","data_mon_4236__lua_config_mon_en__17928586c7.txt","campo name/title del módulo data_mon_* en inglés"
"4237","Time Realm","extraido-directo","data_mon_4237__lua_config_mon_en__e1af387608.txt","campo name/title del módulo data_mon_* en inglés"
"4238","Time Realm","extraido-directo","data_mon_4238__lua_config_mon_en__bfa17a7ece.txt","campo name/title del módulo data_mon_* en inglés"
"4239","Time Realm","extraido-directo","data_mon_4239__lua_config_mon_en__d5dd99344f.txt","campo name/title del módulo data_mon_* en inglés"
"4240","Time Realm","extraido-directo","data_mon_4240__lua_config_mon_en__54a9bbb146.txt","campo name/title del módulo data_mon_* en inglés"
"4241","Time Realm","extraido-directo","data_mon_4241__lua_config_mon_en__7ad3aec360.txt","campo name/title del módulo data_mon_* en inglés"
"4242","Time Realm","extraido-directo","data_mon_4242__lua_config_mon_en__8621e38dc2.txt","campo name/title del módulo data_mon_* en inglés"
"4243","Time Realm","extraido-directo","data_mon_4243__lua_config_mon_en__0b8b0f07d5.txt","campo name/title del módulo data_mon_* en inglés"
"4244","Time Realm","extraido-directo","data_mon_4244__lua_config_mon_en__32f3b3f0cc.txt","campo name/title del módulo data_mon_* en inglés"
"4245","Time Realm","extraido-directo","data_mon_4245__lua_config_mon_en__8b9f9f17c1.txt","campo name/title del módulo data_mon_* en inglés"
"4246","Time Realm","extraido-directo","data_mon_4246__lua_config_mon_en__99d635b95d.txt","campo name/title del módulo data_mon_* en inglés"
"4247","Time Realm","extraido-directo","data_mon_4247__lua_config_mon_en__5faa40371f.txt","campo name/title del módulo data_mon_* en inglés"
"4248","Time Realm","extraido-directo","data_mon_4248__lua_config_mon_en__5e5d6d6b89.txt","campo name/title del módulo data_mon_* en inglés"
"4249","Time Realm","extraido-directo","data_mon_4249__lua_config_mon_en__9acdeb91ca.txt","campo name/title del módulo data_mon_* en inglés"
"4250","Time Realm","extraido-directo","data_mon_4250__lua_config_mon_en__1f8ef1f668.txt","campo name/title del módulo data_mon_* en inglés"
"4251","Time Realm","extraido-directo","data_mon_4251__lua_config_mon_en__f38850581c.txt","campo name/title del módulo data_mon_* en inglés"
"4252","Time Realm","extraido-directo","data_mon_4252__lua_config_mon_en__efedd1dff7.txt","campo name/title del módulo data_mon_* en inglés"
"4253","Time Realm","extraido-directo","data_mon_4253__lua_config_mon_en__b2633f6295.txt","campo name/title del módulo data_mon_* en inglés"
"4254","Time Realm","extraido-directo","data_mon_4254__lua_config_mon_en__cb7f774da1.txt","campo name/title del módulo data_mon_* en inglés"
"4255","Time Realm","extraido-directo","data_mon_4255__lua_config_mon_en__5619464b8d.txt","campo name/title del módulo data_mon_* en inglés"
"4256","Time Realm","extraido-directo","data_mon_4256__lua_config_mon_en__fa540b11d0.txt","campo name/title del módulo data_mon_* en inglés"
"4257","Time Realm","extraido-directo","data_mon_4257__lua_config_mon_en__e0e9a88580.txt","campo name/title del módulo data_mon_* en inglés"
"4258","Time Realm","extraido-directo","data_mon_4258__lua_config_mon_en__22ad4915db.txt","campo name/title del módulo data_mon_* en inglés"
"4259","Time Realm","extraido-directo","data_mon_4259__lua_config_mon_en__4fccbbccb3.txt","campo name/title del módulo data_mon_* en inglés"
"4260","Time Realm","extraido-directo","data_mon_4260__lua_config_mon_en__5ddb36b57d.txt","campo name/title del módulo data_mon_* en inglés"
"4261","Time Realm","extraido-directo","data_mon_4261__lua_config_mon_en__dc033c45a4.txt","campo name/title del módulo data_mon_* en inglés"
"4262","Time Realm","extraido-directo","data_mon_4262__lua_config_mon_en__09b7745790.txt","campo name/title del módulo data_mon_* en inglés"
"4263","Time Realm","extraido-directo","data_mon_4263__lua_config_mon_en__579509d391.txt","campo name/title del módulo data_mon_* en inglés"
"4264","Time Realm","extraido-directo","data_mon_4264__lua_config_mon_en__9824f9e99d.txt","campo name/title del módulo data_mon_* en inglés"
"4265","Time Realm","extraido-directo","data_mon_4265__lua_config_mon_en__613ed9c279.txt","campo name/title del módulo data_mon_* en inglés"
"4266","Time Realm","extraido-directo","data_mon_4266__lua_config_mon_en__6de12a5bce.txt","campo name/title del módulo data_mon_* en inglés"
"4267","Time Realm","extraido-directo","data_mon_4267__lua_config_mon_en__830d6ce2c9.txt","campo name/title del módulo data_mon_* en inglés"
"4268","Time Realm","extraido-directo","data_mon_4268__lua_config_mon_en__e64eb0d86c.txt","campo name/title del módulo data_mon_* en inglés"
"4269","Time Realm","extraido-directo","data_mon_4269__lua_config_mon_en__afc1abd944.txt","campo name/title del módulo data_mon_* en inglés"
"4270","Time Realm","extraido-directo","data_mon_4270__lua_config_mon_en__528911d4f3.txt","campo name/title del módulo data_mon_* en inglés"
"4271","Time Realm","extraido-directo","data_mon_4271__lua_config_mon_en__787601875b.txt","campo name/title del módulo data_mon_* en inglés"
"4272","Time Realm","extraido-directo","data_mon_4272__lua_config_mon_en__1ff1ef51b0.txt","campo name/title del módulo data_mon_* en inglés"
"4273","Time Realm","extraido-directo","data_mon_4273__lua_config_mon_en__5889be8495.txt","campo name/title del módulo data_mon_* en inglés"
"4274","Time Realm","extraido-directo","data_mon_4274__lua_config_mon_en__d2bcc8b81a.txt","campo name/title del módulo data_mon_* en inglés"
"4275","Time Realm","extraido-directo","data_mon_4275__lua_config_mon_en__9946c31965.txt","campo name/title del módulo data_mon_* en inglés"
"4276","Time Realm","extraido-directo","data_mon_4276__lua_config_mon_en__635c93d167.txt","campo name/title del módulo data_mon_* en inglés"
"4277","Time Realm","extraido-directo","data_mon_4277__lua_config_mon_en__51be849fbb.txt","campo name/title del módulo data_mon_* en inglés"
"4278","Time Realm","extraido-directo","data_mon_4278__lua_config_mon_en__3acdb48c1a.txt","campo name/title del módulo data_mon_* en inglés"
"4279","Time Realm","extraido-directo","data_mon_4279__lua_config_mon_en__f57f1e1f8e.txt","campo name/title del módulo data_mon_* en inglés"
"4280","Time Realm","extraido-directo","data_mon_4280__lua_config_mon_en__2cdda8306f.txt","campo name/title del módulo data_mon_* en inglés"
"4281","Time Realm","extraido-directo","data_mon_4281__lua_config_mon_en__5fdcac3884.txt","campo name/title del módulo data_mon_* en inglés"
"4282","Time Realm","extraido-directo","data_mon_4282__lua_config_mon_en__cf67edd0bb.txt","campo name/title del módulo data_mon_* en inglés"
"4283","Time Realm","extraido-directo","data_mon_4283__lua_config_mon_en__f2ebb27a7a.txt","campo name/title del módulo data_mon_* en inglés"
"4284","Time Realm","extraido-directo","data_mon_4284__lua_config_mon_en__9fdb02cf9b.txt","campo name/title del módulo data_mon_* en inglés"
"4285","Time Realm","extraido-directo","data_mon_4285__lua_config_mon_en__6db73e58b5.txt","campo name/title del módulo data_mon_* en inglés"
"4286","Time Realm","extraido-directo","data_mon_4286__lua_config_mon_en__eab311d72b.txt","campo name/title del módulo data_mon_* en inglés"
"4287","Time Realm","extraido-directo","data_mon_4287__lua_config_mon_en__672707822b.txt","campo name/title del módulo data_mon_* en inglés"
"4288","Time Realm","extraido-directo","data_mon_4288__lua_config_mon_en__71c115e648.txt","campo name/title del módulo data_mon_* en inglés"
"4289","Time Realm","extraido-directo","data_mon_4289__lua_config_mon_en__bdba431494.txt","campo name/title del módulo data_mon_* en inglés"
"4290","Time Realm","extraido-directo","data_mon_4290__lua_config_mon_en__7126d16f9d.txt","campo name/title del módulo data_mon_* en inglés"
"4291","Time Realm","extraido-directo","data_mon_4291__lua_config_mon_en__52766b7ad4.txt","campo name/title del módulo data_mon_* en inglés"
"4292","Time Realm","extraido-directo","data_mon_4292__lua_config_mon_en__94f3571a37.txt","campo name/title del módulo data_mon_* en inglés"
"4293","Time Realm","extraido-directo","data_mon_4293__lua_config_mon_en__4e76ffb305.txt","campo name/title del módulo data_mon_* en inglés"
"4294","Time Realm","extraido-directo","data_mon_4294__lua_config_mon_en__1fcb1366a7.txt","campo name/title del módulo data_mon_* en inglés"
"4295","Time Realm","extraido-directo","data_mon_4295__lua_config_mon_en__3904bff087.txt","campo name/title del módulo data_mon_* en inglés"
"4296","Time Realm","extraido-directo","data_mon_4296__lua_config_mon_en__e2651a2fe1.txt","campo name/title del módulo data_mon_* en inglés"
"4297","Time Realm","extraido-directo","data_mon_4297__lua_config_mon_en__c4818d570f.txt","campo name/title del módulo data_mon_* en inglés"
"4298","Time Realm","extraido-directo","data_mon_4298__lua_config_mon_en__27ad7786e8.txt","campo name/title del módulo data_mon_* en inglés"
"4299","Time Realm","extraido-directo","data_mon_4299__lua_config_mon_en__cbd9c0408f.txt","campo name/title del módulo data_mon_* en inglés"
"4300","Time Realm","extraido-directo","data_mon_4300__lua_config_mon_en__a5e08348f2.txt","campo name/title del módulo data_mon_* en inglés"
"4701","Time Realm","extraido-directo","data_mon_4701__lua_config_mon_en__bb325975a2.txt","campo name/title del módulo data_mon_* en inglés"
"4702","Time Realm","extraido-directo","data_mon_4702__lua_config_mon_en__192675dec4.txt","campo name/title del módulo data_mon_* en inglés"
"4703","Time Realm","extraido-directo","data_mon_4703__lua_config_mon_en__af7bb0acc7.txt","campo name/title del módulo data_mon_* en inglés"
"4704","Time Realm","extraido-directo","data_mon_4704__lua_config_mon_en__7f9de9640e.txt","campo name/title del módulo data_mon_* en inglés"
"4705","Time Realm","extraido-directo","data_mon_4705__lua_config_mon_en__8e51160a10.txt","campo name/title del módulo data_mon_* en inglés"
"4706","Time Realm","extraido-directo","data_mon_4706__lua_config_mon_en__b735435e7c.txt","campo name/title del módulo data_mon_* en inglés"
"4707","Time Realm","extraido-directo","data_mon_4707__lua_config_mon_en__09a2b52c91.txt","campo name/title del módulo data_mon_* en inglés"
"4708","Time Realm","extraido-directo","data_mon_4708__lua_config_mon_en__752be53acf.txt","campo name/title del módulo data_mon_* en inglés"
"4709","Time Realm","extraido-directo","data_mon_4709__lua_config_mon_en__c5bfd6736f.txt","campo name/title del módulo data_mon_* en inglés"
"4710","Time Realm","extraido-directo","data_mon_4710__lua_config_mon_en__e6044f1a00.txt","campo name/title del módulo data_mon_* en inglés"
"4711","Time Realm","extraido-directo","data_mon_4711__lua_config_mon_en__a9d9d9a4ae.txt","campo name/title del módulo data_mon_* en inglés"
"4712","Time Realm","extraido-directo","data_mon_4712__lua_config_mon_en__970675a967.txt","campo name/title del módulo data_mon_* en inglés"
"4713","Time Realm","extraido-directo","data_mon_4713__lua_config_mon_en__dc890bb08f.txt","campo name/title del módulo data_mon_* en inglés"
"4714","Time Realm","extraido-directo","data_mon_4714__lua_config_mon_en__7a2ba8b590.txt","campo name/title del módulo data_mon_* en inglés"
"4715","Time Realm","extraido-directo","data_mon_4715__lua_config_mon_en__9560340c41.txt","campo name/title del módulo data_mon_* en inglés"
"4716","Time Realm","extraido-directo","data_mon_4716__lua_config_mon_en__55d6f3feb3.txt","campo name/title del módulo data_mon_* en inglés"
"4717","Time Realm","extraido-directo","data_mon_4717__lua_config_mon_en__0a3ac88500.txt","campo name/title del módulo data_mon_* en inglés"
"4718","Time Realm","extraido-directo","data_mon_4718__lua_config_mon_en__a60db75333.txt","campo name/title del módulo data_mon_* en inglés"
"4719","Time Realm","extraido-directo","data_mon_4719__lua_config_mon_en__41efbb5304.txt","campo name/title del módulo data_mon_* en inglés"
"4720","Time Realm","extraido-directo","data_mon_4720__lua_config_mon_en__4593aa0e33.txt","campo name/title del módulo data_mon_* en inglés"
"4721","Time Realm","extraido-directo","data_mon_4721__lua_config_mon_en__c822a7ef85.txt","campo name/title del módulo data_mon_* en inglés"
"4722","Time Realm","extraido-directo","data_mon_4722__lua_config_mon_en__3af9241255.txt","campo name/title del módulo data_mon_* en inglés"
"4723","Time Realm","extraido-directo","data_mon_4723__lua_config_mon_en__5f1c792636.txt","campo name/title del módulo data_mon_* en inglés"
"4724","Time Realm","extraido-directo","data_mon_4724__lua_config_mon_en__b30af516f5.txt","campo name/title del módulo data_mon_* en inglés"
"4725","Time Realm","extraido-directo","data_mon_4725__lua_config_mon_en__ea77bb2765.txt","campo name/title del módulo data_mon_* en inglés"
"4726","Time Realm","extraido-directo","data_mon_4726__lua_config_mon_en__0a87e24dd3.txt","campo name/title del módulo data_mon_* en inglés"
"4727","Time Realm","extraido-directo","data_mon_4727__lua_config_mon_en__aab4363d2a.txt","campo name/title del módulo data_mon_* en inglés"
"4728","Time Realm","extraido-directo","data_mon_4728__lua_config_mon_en__4de3d54f4a.txt","campo name/title del módulo data_mon_* en inglés"
"4729","Time Realm","extraido-directo","data_mon_4729__lua_config_mon_en__83b2342941.txt","campo name/title del módulo data_mon_* en inglés"
"4730","Time Realm","extraido-directo","data_mon_4730__lua_config_mon_en__1f6390fe8b.txt","campo name/title del módulo data_mon_* en inglés"
"4731","Time Realm","extraido-directo","data_mon_4731__lua_config_mon_en__9789dd655e.txt","campo name/title del módulo data_mon_* en inglés"
"4732","Time Realm","extraido-directo","data_mon_4732__lua_config_mon_en__50cf94460f.txt","campo name/title del módulo data_mon_* en inglés"
"4733","Time Realm","extraido-directo","data_mon_4733__lua_config_mon_en__dfd82c18b9.txt","campo name/title del módulo data_mon_* en inglés"
"4734","Time Realm","extraido-directo","data_mon_4734__lua_config_mon_en__2abd18079c.txt","campo name/title del módulo data_mon_* en inglés"
"4735","Time Realm","extraido-directo","data_mon_4735__lua_config_mon_en__a8d232dd5a.txt","campo name/title del módulo data_mon_* en inglés"
"4736","Time Realm","extraido-directo","data_mon_4736__lua_config_mon_en__da6a2139c6.txt","campo name/title del módulo data_mon_* en inglés"
"4737","Time Realm","extraido-directo","data_mon_4737__lua_config_mon_en__283b9fbe81.txt","campo name/title del módulo data_mon_* en inglés"
"4738","Time Realm","extraido-directo","data_mon_4738__lua_config_mon_en__46b1cb19db.txt","campo name/title del módulo data_mon_* en inglés"
"4739","Time Realm","extraido-directo","data_mon_4739__lua_config_mon_en__569c9babf3.txt","campo name/title del módulo data_mon_* en inglés"
"4740","Time Realm","extraido-directo","data_mon_4740__lua_config_mon_en__490057357a.txt","campo name/title del módulo data_mon_* en inglés"
"4741","Time Realm","extraido-directo","data_mon_4741__lua_config_mon_en__f4f5f9e4b0.txt","campo name/title del módulo data_mon_* en inglés"
"4742","Time Realm","extraido-directo","data_mon_4742__lua_config_mon_en__3964cf0b54.txt","campo name/title del módulo data_mon_* en inglés"
"4743","Time Realm","extraido-directo","data_mon_4743__lua_config_mon_en__656eda45f2.txt","campo name/title del módulo data_mon_* en inglés"
"4744","Time Realm","extraido-directo","data_mon_4744__lua_config_mon_en__b04e974782.txt","campo name/title del módulo data_mon_* en inglés"
"4745","Time Realm","extraido-directo","data_mon_4745__lua_config_mon_en__886bf091e9.txt","campo name/title del módulo data_mon_* en inglés"
"4746","Time Realm","extraido-directo","data_mon_4746__lua_config_mon_en__1bcaacfccf.txt","campo name/title del módulo data_mon_* en inglés"
"4747","Time Realm","extraido-directo","data_mon_4747__lua_config_mon_en__257c02d200.txt","campo name/title del módulo data_mon_* en inglés"
"4748","Time Realm","extraido-directo","data_mon_4748__lua_config_mon_en__9c16a2e6b1.txt","campo name/title del módulo data_mon_* en inglés"
"4749","Time Realm","extraido-directo","data_mon_4749__lua_config_mon_en__820172dec5.txt","campo name/title del módulo data_mon_* en inglés"
"4750","Time Realm","extraido-directo","data_mon_4750__lua_config_mon_en__8326e3996b.txt","campo name/title del módulo data_mon_* en inglés"
"4751","Time Realm","extraido-directo","data_mon_4751__lua_config_mon_en__6a4bb4b851.txt","campo name/title del módulo data_mon_* en inglés"
"4752","Time Realm","extraido-directo","data_mon_4752__lua_config_mon_en__c2a0265c31.txt","campo name/title del módulo data_mon_* en inglés"
"4753","Time Realm","extraido-directo","data_mon_4753__lua_config_mon_en__c5da17ee9c.txt","campo name/title del módulo data_mon_* en inglés"
"4754","Time Realm","extraido-directo","data_mon_4754__lua_config_mon_en__b8bbca1be7.txt","campo name/title del módulo data_mon_* en inglés"
"4755","Time Realm","extraido-directo","data_mon_4755__lua_config_mon_en__69b75af090.txt","campo name/title del módulo data_mon_* en inglés"
"4756","Time Realm","extraido-directo","data_mon_4756__lua_config_mon_en__f5910dab7a.txt","campo name/title del módulo data_mon_* en inglés"
"4757","Time Realm","extraido-directo","data_mon_4757__lua_config_mon_en__13774dab24.txt","campo name/title del módulo data_mon_* en inglés"
"4758","Time Realm","extraido-directo","data_mon_4758__lua_config_mon_en__5a8cb16671.txt","campo name/title del módulo data_mon_* en inglés"
"4759","Time Realm","extraido-directo","data_mon_4759__lua_config_mon_en__e85585b1df.txt","campo name/title del módulo data_mon_* en inglés"
"4760","Time Realm","extraido-directo","data_mon_4760__lua_config_mon_en__c29e53439a.txt","campo name/title del módulo data_mon_* en inglés"
"4761","Time Realm","extraido-directo","data_mon_4761__lua_config_mon_en__4fe26ef719.txt","campo name/title del módulo data_mon_* en inglés"
"4762","Time Realm","extraido-directo","data_mon_4762__lua_config_mon_en__2bbbc75a51.txt","campo name/title del módulo data_mon_* en inglés"
"4763","Time Realm","extraido-directo","data_mon_4763__lua_config_mon_en__af80051a8c.txt","campo name/title del módulo data_mon_* en inglés"
"4764","Time Realm","extraido-directo","data_mon_4764__lua_config_mon_en__0a83af0294.txt","campo name/title del módulo data_mon_* en inglés"
"4765","Time Realm","extraido-directo","data_mon_4765__lua_config_mon_en__43752edd30.txt","campo name/title del módulo data_mon_* en inglés"
"4766","Time Realm","extraido-directo","data_mon_4766__lua_config_mon_en__ae08c3911a.txt","campo name/title del módulo data_mon_* en inglés"
"4767","Time Realm","extraido-directo","data_mon_4767__lua_config_mon_en__513e0e9853.txt","campo name/title del módulo data_mon_* en inglés"
"4768","Time Realm","extraido-directo","data_mon_4768__lua_config_mon_en__990e1c728d.txt","campo name/title del módulo data_mon_* en inglés"
"4769","Time Realm","extraido-directo","data_mon_4769__lua_config_mon_en__747eb0b069.txt","campo name/title del módulo data_mon_* en inglés"
"4770","Time Realm","extraido-directo","data_mon_4770__lua_config_mon_en__3015baccdd.txt","campo name/title del módulo data_mon_* en inglés"
"4771","Time Realm","extraido-directo","data_mon_4771__lua_config_mon_en__b1e2d6bc29.txt","campo name/title del módulo data_mon_* en inglés"
"4772","Time Realm","extraido-directo","data_mon_4772__lua_config_mon_en__051dcead7e.txt","campo name/title del módulo data_mon_* en inglés"
"4773","Time Realm","extraido-directo","data_mon_4773__lua_config_mon_en__147e9c3daa.txt","campo name/title del módulo data_mon_* en inglés"
"4774","Time Realm","extraido-directo","data_mon_4774__lua_config_mon_en__3b7c92cbce.txt","campo name/title del módulo data_mon_* en inglés"
"4775","Time Realm","extraido-directo","data_mon_4775__lua_config_mon_en__40785315d1.txt","campo name/title del módulo data_mon_* en inglés"
"4776","Time Realm","extraido-directo","data_mon_4776__lua_config_mon_en__6fafbe21ba.txt","campo name/title del módulo data_mon_* en inglés"
"4777","Time Realm","extraido-directo","data_mon_4777__lua_config_mon_en__3dfabcff11.txt","campo name/title del módulo data_mon_* en inglés"
"4778","Time Realm","extraido-directo","data_mon_4778__lua_config_mon_en__cc4194d269.txt","campo name/title del módulo data_mon_* en inglés"
"4779","Time Realm","extraido-directo","data_mon_4779__lua_config_mon_en__c6861a7dcc.txt","campo name/title del módulo data_mon_* en inglés"
"4780","Time Realm","extraido-directo","data_mon_4780__lua_config_mon_en__296062df2b.txt","campo name/title del módulo data_mon_* en inglés"
"4781","Time Realm","extraido-directo","data_mon_4781__lua_config_mon_en__e01a6b434e.txt","campo name/title del módulo data_mon_* en inglés"
"4782","Time Realm","extraido-directo","data_mon_4782__lua_config_mon_en__ef36c960b3.txt","campo name/title del módulo data_mon_* en inglés"
"4783","Time Realm","extraido-directo","data_mon_4783__lua_config_mon_en__1454f28189.txt","campo name/title del módulo data_mon_* en inglés"
"4784","Time Realm","extraido-directo","data_mon_4784__lua_config_mon_en__80e11f8b60.txt","campo name/title del módulo data_mon_* en inglés"
"4785","Time Realm","extraido-directo","data_mon_4785__lua_config_mon_en__568ea7c2c2.txt","campo name/title del módulo data_mon_* en inglés"
"4786","Time Realm","extraido-directo","data_mon_4786__lua_config_mon_en__97232dad4d.txt","campo name/title del módulo data_mon_* en inglés"
"4787","Time Realm","extraido-directo","data_mon_4787__lua_config_mon_en__01da8d3362.txt","campo name/title del módulo data_mon_* en inglés"
"4788","Time Realm","extraido-directo","data_mon_4788__lua_config_mon_en__929d9ba389.txt","campo name/title del módulo data_mon_* en inglés"
"4789","Time Realm","extraido-directo","data_mon_4789__lua_config_mon_en__c663033383.txt","campo name/title del módulo data_mon_* en inglés"
"4790","Time Realm","extraido-directo","data_mon_4790__lua_config_mon_en__2fd01719d0.txt","campo name/title del módulo data_mon_* en inglés"
"4791","Time Realm","extraido-directo","data_mon_4791__lua_config_mon_en__08518ec621.txt","campo name/title del módulo data_mon_* en inglés"
"4792","Time Realm","extraido-directo","data_mon_4792__lua_config_mon_en__8a5482d70f.txt","campo name/title del módulo data_mon_* en inglés"
"4793","Time Realm","extraido-directo","data_mon_4793__lua_config_mon_en__e4bdebad2c.txt","campo name/title del módulo data_mon_* en inglés"
"4794","Time Realm","extraido-directo","data_mon_4794__lua_config_mon_en__813da1ba56.txt","campo name/title del módulo data_mon_* en inglés"
"4795","Time Realm","extraido-directo","data_mon_4795__lua_config_mon_en__9fa3f5b706.txt","campo name/title del módulo data_mon_* en inglés"
"4796","Time Realm","extraido-directo","data_mon_4796__lua_config_mon_en__7ca909ccf2.txt","campo name/title del módulo data_mon_* en inglés"
"4797","Time Realm","extraido-directo","data_mon_4797__lua_config_mon_en__a633125a33.txt","campo name/title del módulo data_mon_* en inglés"
"4798","Time Realm","extraido-directo","data_mon_4798__lua_config_mon_en__95beebcd4d.txt","campo name/title del módulo data_mon_* en inglés"
"4799","Time Realm","extraido-directo","data_mon_4799__lua_config_mon_en__9c8b8a09ad.txt","campo name/title del módulo data_mon_* en inglés"
"4800","Time Realm","extraido-directo","data_mon_4800__lua_config_mon_en__143708e2e2.txt","campo name/title del módulo data_mon_* en inglés"
"5001","","sin-nombre-legible","data_mon_5001__lua_config_mon_en__2c86d6d68c.txt","campo name/title del módulo data_mon_* en inglés"
"5401","Soul Corruption","extraido-directo","data_mon_5401__lua_config_mon_en__ca4f0afa4e.txt","campo name/title del módulo data_mon_* en inglés"
"5500","Extreme - Ice Phoenix","extraido-directo","data_mon_5500__lua_config_mon_en__33a597dc5a.txt","campo name/title del módulo data_mon_* en inglés"
"5501","Break - Ice Phoenix","extraido-directo","data_mon_5501__lua_config_mon_en__e37d2b7590.txt","campo name/title del módulo data_mon_* en inglés"
"5510","Five-Color Pool","extraido-directo","data_mon_5510__lua_config_mon_en__a63d4cce41.txt","campo name/title del módulo data_mon_* en inglés"
"5530","Popularity Chest","extraido-directo","data_mon_5530__lua_config_mon_en__ed01088cc5.txt","campo name/title del módulo data_mon_* en inglés"
"5600","","sin-nombre-legible","data_mon_5600__lua_config_mon_en__d2673f2e57.txt","campo name/title del módulo data_mon_* en inglés"
"5601","Dragon","extraido-directo","data_mon_5601__lua_config_mon_en__50ace9285d.txt","campo name/title del módulo data_mon_* en inglés"
"5602","Dragon","extraido-directo","data_mon_5602__lua_config_mon_en__1a2b7d3f1f.txt","campo name/title del módulo data_mon_* en inglés"
"5603","Dragon","extraido-directo","data_mon_5603__lua_config_mon_en__1e204b891c.txt","campo name/title del módulo data_mon_* en inglés"
"5604","Dragon","extraido-directo","data_mon_5604__lua_config_mon_en__ec761de986.txt","campo name/title del módulo data_mon_* en inglés"
"5605","Dragon","extraido-directo","data_mon_5605__lua_config_mon_en__b972324aee.txt","campo name/title del módulo data_mon_* en inglés"
"5606","Dragon","extraido-directo","data_mon_5606__lua_config_mon_en__bc490b65d3.txt","campo name/title del módulo data_mon_* en inglés"
"5607","Dragon","extraido-directo","data_mon_5607__lua_config_mon_en__be7097f605.txt","campo name/title del módulo data_mon_* en inglés"
"5608","Dragon","extraido-directo","data_mon_5608__lua_config_mon_en__adc9d21e60.txt","campo name/title del módulo data_mon_* en inglés"
"5609","Dragon","extraido-directo","data_mon_5609__lua_config_mon_en__52aa912ace.txt","campo name/title del módulo data_mon_* en inglés"
"5610","Dragon","extraido-directo","data_mon_5610__lua_config_mon_en__46cdd7ecc6.txt","campo name/title del módulo data_mon_* en inglés"
"5611","Dragon","extraido-directo","data_mon_5611__lua_config_mon_en__452785920d.txt","campo name/title del módulo data_mon_* en inglés"
"5612","Dragon","extraido-directo","data_mon_5612__lua_config_mon_en__53a372eae9.txt","campo name/title del módulo data_mon_* en inglés"
"5613","Dragon","extraido-directo","data_mon_5613__lua_config_mon_en__92933a74a7.txt","campo name/title del módulo data_mon_* en inglés"
"5614","Dragon","extraido-directo","data_mon_5614__lua_config_mon_en__16d8b2b4e6.txt","campo name/title del módulo data_mon_* en inglés"
"5615","Dragon","extraido-directo","data_mon_5615__lua_config_mon_en__6bebf008ba.txt","campo name/title del módulo data_mon_* en inglés"
"5616","Dragon","extraido-directo","data_mon_5616__lua_config_mon_en__f82fc22a63.txt","campo name/title del módulo data_mon_* en inglés"
"5617","Dragon","extraido-directo","data_mon_5617__lua_config_mon_en__21f9831bb3.txt","campo name/title del módulo data_mon_* en inglés"
"5618","Dragon","extraido-directo","data_mon_5618__lua_config_mon_en__c892cbe13e.txt","campo name/title del módulo data_mon_* en inglés"
"5801","Patrol","extraido-directo","data_mon_5801__lua_config_mon_en__34e082e7be.txt","campo name/title del módulo data_mon_* en inglés"
"5802","Patrol","extraido-directo","data_mon_5802__lua_config_mon_en__f402f20519.txt","campo name/title del módulo data_mon_* en inglés"
"5803","Patrol","extraido-directo","data_mon_5803__lua_config_mon_en__eb08a97390.txt","campo name/title del módulo data_mon_* en inglés"
"5804","Patrol","extraido-directo","data_mon_5804__lua_config_mon_en__24701bf606.txt","campo name/title del módulo data_mon_* en inglés"
"5805","Patrol","extraido-directo","data_mon_5805__lua_config_mon_en__ac1d0bbaad.txt","campo name/title del módulo data_mon_* en inglés"
"5806","Patrol","extraido-directo","data_mon_5806__lua_config_mon_en__74fc317ada.txt","campo name/title del módulo data_mon_* en inglés"
"5807","Patrol","extraido-directo","data_mon_5807__lua_config_mon_en__83cc78cb64.txt","campo name/title del módulo data_mon_* en inglés"
"5808","Patrol","extraido-directo","data_mon_5808__lua_config_mon_en__015866621b.txt","campo name/title del módulo data_mon_* en inglés"
"5809","Patrol","extraido-directo","data_mon_5809__lua_config_mon_en__5fe0100dbc.txt","campo name/title del módulo data_mon_* en inglés"
"5810","Patrol","extraido-directo","data_mon_5810__lua_config_mon_en__51ee99d00f.txt","campo name/title del módulo data_mon_* en inglés"
"5811","Patrol","extraido-directo","data_mon_5811__lua_config_mon_en__3f61867030.txt","campo name/title del módulo data_mon_* en inglés"
"5812","Patrol","extraido-directo","data_mon_5812__lua_config_mon_en__58633eb685.txt","campo name/title del módulo data_mon_* en inglés"
"5813","Patrol","extraido-directo","data_mon_5813__lua_config_mon_en__d087416e3a.txt","campo name/title del módulo data_mon_* en inglés"
"5814","Patrol","extraido-directo","data_mon_5814__lua_config_mon_en__f4f2230aaf.txt","campo name/title del módulo data_mon_* en inglés"
"5815","Patrol","extraido-directo","data_mon_5815__lua_config_mon_en__1d5d3573b6.txt","campo name/title del módulo data_mon_* en inglés"
"5816","Patrol","extraido-directo","data_mon_5816__lua_config_mon_en__2e7fdae7e3.txt","campo name/title del módulo data_mon_* en inglés"
"5817","Patrol","extraido-directo","data_mon_5817__lua_config_mon_en__283c9da3e8.txt","campo name/title del módulo data_mon_* en inglés"
"5818","Patrol","extraido-directo","data_mon_5818__lua_config_mon_en__84af085313.txt","campo name/title del módulo data_mon_* en inglés"
"5901","Time Arcadia","extraido-directo","data_mon_5901__lua_config_mon_en__183660f55d.txt","campo name/title del módulo data_mon_* en inglés"
"5902","Time Arcadia","extraido-directo","data_mon_5902__lua_config_mon_en__cd73deb7af.txt","campo name/title del módulo data_mon_* en inglés"
"6000","Mystery Chest","extraido-directo","data_mon_6000__lua_config_mon_en__0ce3f6fe92.txt","campo name/title del módulo data_mon_* en inglés"
"6001","Demonized - Sword Saint","extraido-directo","data_mon_6001__lua_config_mon_en__b0b0c7db15.txt","campo name/title del módulo data_mon_* en inglés"
"6002","Demonization - Dragon","extraido-directo","data_mon_6002__lua_config_mon_en__982e58e1bd.txt","campo name/title del módulo data_mon_* en inglés"
"6003","Demonization - Phoenix","extraido-directo","data_mon_6003__lua_config_mon_en__be2653cfe7.txt","campo name/title del módulo data_mon_* en inglés"
"6004","Demonization - Phoenix","extraido-directo","data_mon_6004__lua_config_mon_en__bc51562472.txt","campo name/title del módulo data_mon_* en inglés"
"6005","Demonization - Phoenix","extraido-directo","data_mon_6005__lua_config_mon_en__db7fb4a5d5.txt","campo name/title del módulo data_mon_* en inglés"
"6006","Demonization - Phoenix","extraido-directo","data_mon_6006__lua_config_mon_en__ec50dd2ee2.txt","campo name/title del módulo data_mon_* en inglés"
"6007","Demonization - Phoenix","extraido-directo","data_mon_6007__lua_config_mon_en__252f971a44.txt","campo name/title del módulo data_mon_* en inglés"
"6008","Demonization - Phoenix","extraido-directo","data_mon_6008__lua_config_mon_en__bb491f9ad3.txt","campo name/title del módulo data_mon_* en inglés"
"6009","Demonization - Phoenix","extraido-directo","data_mon_6009__lua_config_mon_en__3e3d09841f.txt","campo name/title del módulo data_mon_* en inglés"
"6010","Demonization - Phoenix","extraido-directo","data_mon_6010__lua_config_mon_en__bf57fd3e26.txt","campo name/title del módulo data_mon_* en inglés"
"6011","Demonization - Phoenix","extraido-directo","data_mon_6011__lua_config_mon_en__dd788cb9d0.txt","campo name/title del módulo data_mon_* en inglés"
"6012","Demonization - Phoenix","extraido-directo","data_mon_6012__lua_config_mon_en__a9e8911b5d.txt","campo name/title del módulo data_mon_* en inglés"
"6013","Demonization - Phoenix","extraido-directo","data_mon_6013__lua_config_mon_en__20dac3720c.txt","campo name/title del módulo data_mon_* en inglés"
"6014","Demonization - Phoenix","extraido-directo","data_mon_6014__lua_config_mon_en__ba2103dfd2.txt","campo name/title del módulo data_mon_* en inglés"
"6015","Demonization - Phoenix","extraido-directo","data_mon_6015__lua_config_mon_en__4160410ab0.txt","campo name/title del módulo data_mon_* en inglés"
"6016","Demonization - Phoenix","extraido-directo","data_mon_6016__lua_config_mon_en__87dc58cbc4.txt","campo name/title del módulo data_mon_* en inglés"
"6017","Demonization - Phoenix","extraido-directo","data_mon_6017__lua_config_mon_en__bb47cffe46.txt","campo name/title del módulo data_mon_* en inglés"
"6018","Demonization - Phoenix","extraido-directo","data_mon_6018__lua_config_mon_en__72f91c891a.txt","campo name/title del módulo data_mon_* en inglés"
"6019","Demonization - Phoenix","extraido-directo","data_mon_6019__lua_config_mon_en__4e1e9ea482.txt","campo name/title del módulo data_mon_* en inglés"
"6020","Demonization - Phoenix","extraido-directo","data_mon_6020__lua_config_mon_en__59e9b31c48.txt","campo name/title del módulo data_mon_* en inglés"
"6100","Dreamland - Ice Phoenix","extraido-directo","data_mon_6100__lua_config_mon_en__ee3de7a63e.txt","campo name/title del módulo data_mon_* en inglés"
"6101","","sin-nombre-legible","data_mon_6101__lua_config_mon_en__ac6d61334a.txt","campo name/title del módulo data_mon_* en inglés"
"6102","Dreamland - Ice Phoenix","extraido-directo","data_mon_6102__lua_config_mon_en__5ff371d31b.txt","campo name/title del módulo data_mon_* en inglés"
"6103","Dreamland - Ice Phoenix","extraido-directo","data_mon_6103__lua_config_mon_en__69e3fd9b6d.txt","campo name/title del módulo data_mon_* en inglés"
"6104","Dreamland - Ice Phoenix","extraido-directo","data_mon_6104__lua_config_mon_en__07a8208f7e.txt","campo name/title del módulo data_mon_* en inglés"
"6105","Dreamland - Ice Phoenix","extraido-directo","data_mon_6105__lua_config_mon_en__30b7b3262f.txt","campo name/title del módulo data_mon_* en inglés"
"6106","Dreamland - Ice Phoenix","extraido-directo","data_mon_6106__lua_config_mon_en__93ea08b19c.txt","campo name/title del módulo data_mon_* en inglés"
"6107","Dreamland - Ice Phoenix","extraido-directo","data_mon_6107__lua_config_mon_en__b6917cd576.txt","campo name/title del módulo data_mon_* en inglés"
"6108","Dreamland - Ice Phoenix","extraido-directo","data_mon_6108__lua_config_mon_en__dc9832703e.txt","campo name/title del módulo data_mon_* en inglés"
"6109","Dreamland - Ice Phoenix","extraido-directo","data_mon_6109__lua_config_mon_en__c6a41e3739.txt","campo name/title del módulo data_mon_* en inglés"
"6110","Dreamland - Ice Phoenix","extraido-directo","data_mon_6110__lua_config_mon_en__14bf4ff92d.txt","campo name/title del módulo data_mon_* en inglés"
"6111","Dreamland - Ice Phoenix","extraido-directo","data_mon_6111__lua_config_mon_en__4fbc3aeb29.txt","campo name/title del módulo data_mon_* en inglés"
"6112","Dreamland - Ice Phoenix","extraido-directo","data_mon_6112__lua_config_mon_en__fa8817b2b1.txt","campo name/title del módulo data_mon_* en inglés"
"6113","Dreamland - Ice Phoenix","extraido-directo","data_mon_6113__lua_config_mon_en__e11ddfe27e.txt","campo name/title del módulo data_mon_* en inglés"
"6114","Dreamland - Ice Phoenix","extraido-directo","data_mon_6114__lua_config_mon_en__797974b008.txt","campo name/title del módulo data_mon_* en inglés"
"6115","Dreamland - Ice Phoenix","extraido-directo","data_mon_6115__lua_config_mon_en__69597dbbee.txt","campo name/title del módulo data_mon_* en inglés"
"6116","Dreamland - Ice Phoenix","extraido-directo","data_mon_6116__lua_config_mon_en__3f9be3fff2.txt","campo name/title del módulo data_mon_* en inglés"
"6117","Dreamland - Ice Phoenix","extraido-directo","data_mon_6117__lua_config_mon_en__e37971877a.txt","campo name/title del módulo data_mon_* en inglés"
"6118","Dreamland - Ice Phoenix","extraido-directo","data_mon_6118__lua_config_mon_en__e0e983c50a.txt","campo name/title del módulo data_mon_* en inglés"
"6119","Dreamland - Ice Phoenix","extraido-directo","data_mon_6119__lua_config_mon_en__94a898f8c3.txt","campo name/title del módulo data_mon_* en inglés"
"6211","","sin-nombre-legible","data_mon_6211__lua_config_mon_en__612b1dcedf.txt","campo name/title del módulo data_mon_* en inglés"
"6212","","sin-nombre-legible","data_mon_6212__lua_config_mon_en__58cf95e693.txt","campo name/title del módulo data_mon_* en inglés"
"6213","","sin-nombre-legible","data_mon_6213__lua_config_mon_en__b90316ae21.txt","campo name/title del módulo data_mon_* en inglés"
"6214","","sin-nombre-legible","data_mon_6214__lua_config_mon_en__6d8fb9c8f0.txt","campo name/title del módulo data_mon_* en inglés"
"6215","","sin-nombre-legible","data_mon_6215__lua_config_mon_en__d224d56289.txt","campo name/title del módulo data_mon_* en inglés"
"6216","","sin-nombre-legible","data_mon_6216__lua_config_mon_en__1cddb317b6.txt","campo name/title del módulo data_mon_* en inglés"
"6217","","sin-nombre-legible","data_mon_6217__lua_config_mon_en__fa221f9cb3.txt","campo name/title del módulo data_mon_* en inglés"
"6218","","sin-nombre-legible","data_mon_6218__lua_config_mon_en__8d0a9981db.txt","campo name/title del módulo data_mon_* en inglés"
"6219","","sin-nombre-legible","data_mon_6219__lua_config_mon_en__8b26534075.txt","campo name/title del módulo data_mon_* en inglés"
"6220","","sin-nombre-legible","data_mon_6220__lua_config_mon_en__a200cc7c6f.txt","campo name/title del módulo data_mon_* en inglés"
"6221","","sin-nombre-legible","data_mon_6221__lua_config_mon_en__2785071064.txt","campo name/title del módulo data_mon_* en inglés"
"6222","","sin-nombre-legible","data_mon_6222__lua_config_mon_en__90ce24a5e5.txt","campo name/title del módulo data_mon_* en inglés"
"6223","","sin-nombre-legible","data_mon_6223__lua_config_mon_en__c33a565a50.txt","campo name/title del módulo data_mon_* en inglés"
"6224","","sin-nombre-legible","data_mon_6224__lua_config_mon_en__87b29847ed.txt","campo name/title del módulo data_mon_* en inglés"
"6225","","sin-nombre-legible","data_mon_6225__lua_config_mon_en__df5268b4a1.txt","campo name/title del módulo data_mon_* en inglés"
"6226","","sin-nombre-legible","data_mon_6226__lua_config_mon_en__ad3667fda6.txt","campo name/title del módulo data_mon_* en inglés"
"6227","","sin-nombre-legible","data_mon_6227__lua_config_mon_en__3c6971e1bd.txt","campo name/title del módulo data_mon_* en inglés"
"6228","","sin-nombre-legible","data_mon_6228__lua_config_mon_en__609edecf38.txt","campo name/title del módulo data_mon_* en inglés"
"6229","","sin-nombre-legible","data_mon_6229__lua_config_mon_en__71d5a3d3b0.txt","campo name/title del módulo data_mon_* en inglés"
"6230","","sin-nombre-legible","data_mon_6230__lua_config_mon_en__402acfb371.txt","campo name/title del módulo data_mon_* en inglés"
"6231","","sin-nombre-legible","data_mon_6231__lua_config_mon_en__1d0958ee16.txt","campo name/title del módulo data_mon_* en inglés"
"6232","","sin-nombre-legible","data_mon_6232__lua_config_mon_en__cc9c64a56b.txt","campo name/title del módulo data_mon_* en inglés"
"6233","","sin-nombre-legible","data_mon_6233__lua_config_mon_en__45bda686ea.txt","campo name/title del módulo data_mon_* en inglés"
"6234","","sin-nombre-legible","data_mon_6234__lua_config_mon_en__292c4f4bfd.txt","campo name/title del módulo data_mon_* en inglés"
"6235","","sin-nombre-legible","data_mon_6235__lua_config_mon_en__631e582fa6.txt","campo name/title del módulo data_mon_* en inglés"
"6236","","sin-nombre-legible","data_mon_6236__lua_config_mon_en__b6ad4fb16b.txt","campo name/title del módulo data_mon_* en inglés"
"6237","","sin-nombre-legible","data_mon_6237__lua_config_mon_en__19d9fb0ca5.txt","campo name/title del módulo data_mon_* en inglés"
"6238","","sin-nombre-legible","data_mon_6238__lua_config_mon_en__352f8d11bb.txt","campo name/title del módulo data_mon_* en inglés"
"6239","","sin-nombre-legible","data_mon_6239__lua_config_mon_en__ebded8a7d5.txt","campo name/title del módulo data_mon_* en inglés"
"6240","","sin-nombre-legible","data_mon_6240__lua_config_mon_en__9382c1a930.txt","campo name/title del módulo data_mon_* en inglés"
"6311","","sin-nombre-legible","data_mon_6311__lua_config_mon_en__82c34d957b.txt","campo name/title del módulo data_mon_* en inglés"
"6312","","sin-nombre-legible","data_mon_6312__lua_config_mon_en__75ebca87ea.txt","campo name/title del módulo data_mon_* en inglés"
"6313","","sin-nombre-legible","data_mon_6313__lua_config_mon_en__50d4c229bf.txt","campo name/title del módulo data_mon_* en inglés"
"6314","","sin-nombre-legible","data_mon_6314__lua_config_mon_en__589e647f61.txt","campo name/title del módulo data_mon_* en inglés"
"6315","","sin-nombre-legible","data_mon_6315__lua_config_mon_en__6c7035a848.txt","campo name/title del módulo data_mon_* en inglés"
"6316","","sin-nombre-legible","data_mon_6316__lua_config_mon_en__3882546d25.txt","campo name/title del módulo data_mon_* en inglés"
"6317","","sin-nombre-legible","data_mon_6317__lua_config_mon_en__aaba83ee61.txt","campo name/title del módulo data_mon_* en inglés"
"6318","","sin-nombre-legible","data_mon_6318__lua_config_mon_en__02668c583c.txt","campo name/title del módulo data_mon_* en inglés"
"6319","","sin-nombre-legible","data_mon_6319__lua_config_mon_en__a0023a9016.txt","campo name/title del módulo data_mon_* en inglés"
"6320","","sin-nombre-legible","data_mon_6320__lua_config_mon_en__e237fef576.txt","campo name/title del módulo data_mon_* en inglés"
"6321","","sin-nombre-legible","data_mon_6321__lua_config_mon_en__8ac0b31d98.txt","campo name/title del módulo data_mon_* en inglés"
"6322","","sin-nombre-legible","data_mon_6322__lua_config_mon_en__54218c2f56.txt","campo name/title del módulo data_mon_* en inglés"
"6323","","sin-nombre-legible","data_mon_6323__lua_config_mon_en__43710e7d6e.txt","campo name/title del módulo data_mon_* en inglés"
"6324","","sin-nombre-legible","data_mon_6324__lua_config_mon_en__414d05886b.txt","campo name/title del módulo data_mon_* en inglés"
"6325","","sin-nombre-legible","data_mon_6325__lua_config_mon_en__ed5ac6525c.txt","campo name/title del módulo data_mon_* en inglés"
"6326","","sin-nombre-legible","data_mon_6326__lua_config_mon_en__6bc8a7b2cd.txt","campo name/title del módulo data_mon_* en inglés"
"6327","","sin-nombre-legible","data_mon_6327__lua_config_mon_en__e88d76ebdd.txt","campo name/title del módulo data_mon_* en inglés"
"6328","","sin-nombre-legible","data_mon_6328__lua_config_mon_en__15abf9016b.txt","campo name/title del módulo data_mon_* en inglés"
"6329","","sin-nombre-legible","data_mon_6329__lua_config_mon_en__4f08693675.txt","campo name/title del módulo data_mon_* en inglés"
"6330","","sin-nombre-legible","data_mon_6330__lua_config_mon_en__dc93c73ea2.txt","campo name/title del módulo data_mon_* en inglés"
"6401","exp","extraido-directo","data_mon_6401__lua_config_mon_en__32a9a2b769.txt","campo name/title del módulo data_mon_* en inglés"
"6402","Demon Clan Minion","extraido-directo","data_mon_6402__lua_config_mon_en__f17810459d.txt","campo name/title del módulo data_mon_* en inglés"
"6403","Demon Lord","extraido-directo","data_mon_6403__lua_config_mon_en__647dff279b.txt","campo name/title del módulo data_mon_* en inglés"
"6404","Celebration Time","extraido-directo","data_mon_6404__lua_config_mon_en__6a0999d786.txt","campo name/title del módulo data_mon_* en inglés"
"6421","Spirit Trial","extraido-directo","data_mon_6421__lua_config_mon_en__04b754f5dc.txt","campo name/title del módulo data_mon_* en inglés"
"6422","Spirit Trial","extraido-directo","data_mon_6422__lua_config_mon_en__f2b8367b24.txt","campo name/title del módulo data_mon_* en inglés"
"6423","Spirit Trial","extraido-directo","data_mon_6423__lua_config_mon_en__c541753cac.txt","campo name/title del módulo data_mon_* en inglés"
"6424","Spirit Trial","extraido-directo","data_mon_6424__lua_config_mon_en__54002e10c2.txt","campo name/title del módulo data_mon_* en inglés"
"6425","Spirit Trial","extraido-directo","data_mon_6425__lua_config_mon_en__b2e191a2f0.txt","campo name/title del módulo data_mon_* en inglés"
"6426","Spirit Trial","extraido-directo","data_mon_6426__lua_config_mon_en__9dce50aab4.txt","campo name/title del módulo data_mon_* en inglés"
"6430","Primabeast - Phoenix","extraido-directo","data_mon_6430__lua_config_mon_en__b8f702d2c1.txt","campo name/title del módulo data_mon_* en inglés"
"6471","Immortal Trial","extraido-directo","data_mon_6471__lua_config_mon_en__2977a28168.txt","campo name/title del módulo data_mon_* en inglés"
"6472","Immortal Trial","extraido-directo","data_mon_6472__lua_config_mon_en__7959e8ee34.txt","campo name/title del módulo data_mon_* en inglés"
"6473","Immortal Trial","extraido-directo","data_mon_6473__lua_config_mon_en__c3b7f048be.txt","campo name/title del módulo data_mon_* en inglés"
"6474","Immortal Trial","extraido-directo","data_mon_6474__lua_config_mon_en__c7e0e880f1.txt","campo name/title del módulo data_mon_* en inglés"
"6475","Immortal Trial","extraido-directo","data_mon_6475__lua_config_mon_en__c1b191aee3.txt","campo name/title del módulo data_mon_* en inglés"
"6476","Immortal Trial","extraido-directo","data_mon_6476__lua_config_mon_en__48c9dc9986.txt","campo name/title del módulo data_mon_* en inglés"
"6477","Immortal Trial","extraido-directo","data_mon_6477__lua_config_mon_en__843c0d47a0.txt","campo name/title del módulo data_mon_* en inglés"
"6478","Immortal Trial","extraido-directo","data_mon_6478__lua_config_mon_en__876b4a544a.txt","campo name/title del módulo data_mon_* en inglés"
"6479","Immortal Trial","extraido-directo","data_mon_6479__lua_config_mon_en__aff41df58c.txt","campo name/title del módulo data_mon_* en inglés"
"6480","Immortal Trial","extraido-directo","data_mon_6480__lua_config_mon_en__dd87b6df9d.txt","campo name/title del módulo data_mon_* en inglés"
"6481","Immortal Trial","extraido-directo","data_mon_6481__lua_config_mon_en__d07672942e.txt","campo name/title del módulo data_mon_* en inglés"
"6482","Immortal Trial","extraido-directo","data_mon_6482__lua_config_mon_en__fb232a9ff0.txt","campo name/title del módulo data_mon_* en inglés"
"6483","Immortal Trial","extraido-directo","data_mon_6483__lua_config_mon_en__c369d125ea.txt","campo name/title del módulo data_mon_* en inglés"
"6484","Immortal Trial","extraido-directo","data_mon_6484__lua_config_mon_en__af29a8c6f4.txt","campo name/title del módulo data_mon_* en inglés"
"6485","Immortal Trial","extraido-directo","data_mon_6485__lua_config_mon_en__de86b6189f.txt","campo name/title del módulo data_mon_* en inglés"
"6486","Immortal Trial","extraido-directo","data_mon_6486__lua_config_mon_en__feed18b0b5.txt","campo name/title del módulo data_mon_* en inglés"
"6487","Immortal Trial","extraido-directo","data_mon_6487__lua_config_mon_en__41ea2f3b47.txt","campo name/title del módulo data_mon_* en inglés"
"6488","Immortal Trial","extraido-directo","data_mon_6488__lua_config_mon_en__3a6160982b.txt","campo name/title del módulo data_mon_* en inglés"
"6511","Revival of Evil Force","extraido-directo","data_mon_6511__lua_config_mon_en__4d64301aee.txt","campo name/title del módulo data_mon_* en inglés"
"6512","Revival of Evil Force","extraido-directo","data_mon_6512__lua_config_mon_en__6a5263d33d.txt","campo name/title del módulo data_mon_* en inglés"
"6513","Revival of Evil Force","extraido-directo","data_mon_6513__lua_config_mon_en__37d9822a63.txt","campo name/title del módulo data_mon_* en inglés"
"6514","Revival of Evil Force","extraido-directo","data_mon_6514__lua_config_mon_en__63ff452e17.txt","campo name/title del módulo data_mon_* en inglés"
"6515","Revival of Evil Force","extraido-directo","data_mon_6515__lua_config_mon_en__ea3134d048.txt","campo name/title del módulo data_mon_* en inglés"
"6516","Revival of Evil Force","extraido-directo","data_mon_6516__lua_config_mon_en__a3c3224653.txt","campo name/title del módulo data_mon_* en inglés"
"6517","Revival of Evil Force","extraido-directo","data_mon_6517__lua_config_mon_en__a75a3076a8.txt","campo name/title del módulo data_mon_* en inglés"
"6518","Revival of Evil Force","extraido-directo","data_mon_6518__lua_config_mon_en__8457828f9a.txt","campo name/title del módulo data_mon_* en inglés"
"6519","Revival of Evil Force","extraido-directo","data_mon_6519__lua_config_mon_en__b4d7160725.txt","campo name/title del módulo data_mon_* en inglés"
"6520","Revival of Evil Force","extraido-directo","data_mon_6520__lua_config_mon_en__2f49f55f3e.txt","campo name/title del módulo data_mon_* en inglés"
"6521","Revival of Evil Force","extraido-directo","data_mon_6521__lua_config_mon_en__72a5e4e96c.txt","campo name/title del módulo data_mon_* en inglés"
"6522","Revival of Evil Force","extraido-directo","data_mon_6522__lua_config_mon_en__3822bfaac6.txt","campo name/title del módulo data_mon_* en inglés"
"6523","Revival of Evil Force","extraido-directo","data_mon_6523__lua_config_mon_en__83aee3b2f5.txt","campo name/title del módulo data_mon_* en inglés"
"6524","Revival of Evil Force","extraido-directo","data_mon_6524__lua_config_mon_en__29ea7f1446.txt","campo name/title del módulo data_mon_* en inglés"
"6525","Revival of Evil Force","extraido-directo","data_mon_6525__lua_config_mon_en__cb8d89b410.txt","campo name/title del módulo data_mon_* en inglés"
"6526","Revival of Evil Force","extraido-directo","data_mon_6526__lua_config_mon_en__23d42f5149.txt","campo name/title del módulo data_mon_* en inglés"
"6527","Revival of Evil Force","extraido-directo","data_mon_6527__lua_config_mon_en__886d2ae501.txt","campo name/title del módulo data_mon_* en inglés"
"6550","Yinglong","extraido-directo","data_mon_6550__lua_config_mon_en__5293b225d0.txt","campo name/title del módulo data_mon_* en inglés"
"6551","Phoenix Egg Terminator","extraido-directo","data_mon_6551__lua_config_mon_en__90f2270b27.txt","campo name/title del módulo data_mon_* en inglés"
"6552","Snow Xenobeast","extraido-directo","data_mon_6552__lua_config_mon_en__48e30860b4.txt","campo name/title del módulo data_mon_* en inglés"
"6611","Old God's Chest","extraido-directo","data_mon_6611__lua_config_mon_en__007d406ffc.txt","campo name/title del módulo data_mon_* en inglés"
"6701","exp","extraido-directo","data_mon_6701__lua_config_mon_en__cd5c762ad2.txt","campo name/title del módulo data_mon_* en inglés"
"6711","Shark Kun","extraido-directo","data_mon_6711__lua_config_mon_en__892c41278c.txt","campo name/title del módulo data_mon_* en inglés"
"6721","Shark Kun","extraido-directo","data_mon_6721__lua_config_mon_en__9d43275816.txt","campo name/title del módulo data_mon_* en inglés"
"6801","Flood Dragon","extraido-directo","data_mon_6801__lua_config_mon_en__63aca64d65.txt","campo name/title del módulo data_mon_* en inglés"
"6802","","sin-nombre-legible","data_mon_6802__lua_config_mon_en__fe6d93cfa2.txt","campo name/title del módulo data_mon_* en inglés"
"6975","Open Chest","extraido-directo","data_mon_6975__lua_config_mon_en__e20079086e.txt","campo name/title del módulo data_mon_* en inglés"
"7024","","sin-nombre-legible","data_mon_7024__lua_config_mon_en__5d9a22e863.txt","campo name/title del módulo data_mon_* en inglés"
"8251","","sin-nombre-legible","data_mon_8251__lua_config_mon_en__0a60abf90c.txt","campo name/title del módulo data_mon_* en inglés"
"8301","","sin-nombre-legible","data_mon_8301__lua_config_mon_en__9816e6b20c.txt","campo name/title del módulo data_mon_* en inglés"
"8500","Qiongqi","extraido-directo","data_mon_8500__lua_config_mon_en__ed45d9cfee.txt","campo name/title del módulo data_mon_* en inglés"
"8510","Lord","extraido-directo","data_mon_8510__lua_config_mon_en__26a23df550.txt","campo name/title del módulo data_mon_* en inglés"
"8520","Lord","extraido-directo","data_mon_8520__lua_config_mon_en__231c8e8760.txt","campo name/title del módulo data_mon_* en inglés"
"8601","","sin-nombre-legible","data_mon_8601__lua_config_mon_en__603e9dec79.txt","campo name/title del módulo data_mon_* en inglés"
"9000","","sin-nombre-legible","data_mon_9000__lua_config_mon_en__b5e23ae4db.txt","campo name/title del módulo data_mon_* en inglés"
"9002","Firework Launcher","extraido-directo","data_mon_9002__lua_config_mon_en__ea8c593055.txt","campo name/title del módulo data_mon_* en inglés"
"9003","","sin-nombre-legible","data_mon_9003__lua_config_mon_en__011767a153.txt","campo name/title del módulo data_mon_* en inglés"
"9091","Pangu","extraido-directo","data_mon_9091__lua_config_mon_en__f428e24fe7.txt","campo name/title del módulo data_mon_* en inglés"
"9100","","sin-nombre-legible","data_mon_9100__lua_config_mon_en__dbeaff7950.txt","campo name/title del módulo data_mon_* en inglés"
"9110","Lord","extraido-directo","data_mon_9110__lua_config_mon_en__1e7e31a71b.txt","campo name/title del módulo data_mon_* en inglés"
"9200","","sin-nombre-legible","data_mon_9200__lua_config_mon_en__d447274751.txt","campo name/title del módulo data_mon_* en inglés"
"9300","Lord","extraido-directo","data_mon_9300__lua_config_mon_en__3b4aeb0a18.txt","campo name/title del módulo data_mon_* en inglés"
"9400","Lord","extraido-directo","data_mon_9400__lua_config_mon_en__f63764ceea.txt","campo name/title del módulo data_mon_* en inglés"
"9500","","sin-nombre-legible","data_mon_9500__lua_config_mon_en__92fbcb1739.txt","campo name/title del módulo data_mon_* en inglés"
"9600","","sin-nombre-legible","data_mon_9600__lua_config_mon_en__d2f1dedc0a.txt","campo name/title del módulo data_mon_* en inglés"
"9999","Divine Dragon Cannon","extraido-directo","data_mon_9999__lua_config_mon_en__7f59723917.txt","campo name/title del módulo data_mon_* en inglés"
